cwd,bftpd_cwd_chdir,bftpd_cwd_mappath,18
cwd,bftpd_cwd_mappath,strlen,64
cwd,bftpd_cwd_mappath,strdup,70
cwd,appendpath,strcmp,40
cwd,appendpath,strcmp,42
cwd,appendpath,strcmp,43
cwd,appendpath,strlen,44
cwd,appendpath,strlen,45
cwd,appendpath,strchr,47
cwd,appendpath,strchr,48
cwd,appendpath,strlen,50
cwd,appendpath,strlen,50
cwd,appendpath,strlen,51
cwd,appendpath,strlen,54
cwd,appendpath,strcat,55
cwd,appendpath,strcat,56
cwd,appendpath,strcat,56
commands,control_printf,vsnprintf,85
commands,control_printf,bftpd_statuslog,89
commands,prepare_sock,setsockopt,123
commands,prepare_sock,setsockopt,126
commands,prepare_sock,setsockopt,130
commands,command_user,mystrncpy,205
commands,command_pass,bftpd_login,235
commands,command_port,__isoc99_sscanf,275
commands,command_eprt,strlen,301
commands,command_eprt,__isoc99_sscanf,307
commands,command_epsv,strncasecmp,407
commands,command_epsv,__isoc99_sscanf,410
commands,test_abort,close,461
commands,test_abort,close,462
commands,command_allo,command_noop,473
commands,command_stor,do_stor,790
commands,do_stor,bftpd_cwd_mappath,539
commands,command_appe,do_stor,795
commands,command_list,do_dirlist,1322
commands,command_nlst,do_dirlist,1327
commands,command_mdtm,bftpd_cwd_mappath,1339
commands,command_cwd,bftpd_cwd_chdir,1355
commands,command_cwd,bftpd_log,1356
commands,command_cwd,bftpd_log,1360
commands,command_dele,bftpd_cwd_mappath,1375
commands,command_mkd,bftpd_cwd_mappath,1419
commands,command_mkd,bftpd_log,1425
commands,command_mkd,bftpd_log,1429
commands,command_mkd,control_printf,1430
commands,command_rmd,bftpd_cwd_mappath,1441
commands,command_rmd,bftpd_log,1452
commands,command_rmd,control_printf,1453
commands,command_rmd,bftpd_log,1457
commands,command_rnfr,bftpd_cwd_mappath,1479
commands,command_rnto,bftpd_cwd_mappath,1495
commands,command_rnto,bftpd_cwd_mappath,1502
commands,command_rnto,bftpd_cwd_mappath,1505
commands,command_rest,strtoul,1520
commands,command_size,bftpd_cwd_mappath,1527
commands,command_stat,bftpd_cwd_mappath,1547
commands,command_stat,control_printf,1548
commands,command_chmod,strchr,1562
commands,command_chmod,strchr,1566
commands,command_chown,strchr,1599
commands,command_chown,__isoc99_sscanf,1603
commands,command_md5,fopen64,1659
commands,command_md5,control_printf,1662
commands,command_site,strncasecmp,1696
commands,command_site,cutto,1697
commands,command_site,,1698
commands,command_opts,strcasecmp,1780
commands,command_opts,control_printf,1783
commands,command_help,strcasecmp,1797
commands,parsecmd,strncasecmp,1814
commands,parsecmd,cutto,1821
commands_admin,command_adminlogin,__isoc99_sscanf,39
commands_admin,admin_parsecmd,strlen,152
commands_admin,admin_parsecmd,strncasecmp,161
commands_admin,admin_parsecmd,cutto,162
commands_admin,admin_parsecmd,strlen,166
commands_admin,admin_parsecmd,,167
commands_admin,command_adminkick,strtoul,113
main,print_file,fopen64,84
main,print_file,control_printf,88
main,handler_sighup,signal,128
main,main,getopt,209
main,main,getopt,209
login,mygetpwuid,rewind,72
login,mygetpwuid,__isoc99_fscanf,73
login,mygetpwuid,strncpy,77
login,mygetpwuid,cutto,82
login,mygetpwnam,rewind,97
login,mygetpwnam,__isoc99_fscanf,98
login,mygetpwnam,strcmp,107
login,bftpd_setuid,seteuid,181
login,bftpd_setuid,setuid,183
login,check_file_password,fopen64,610
login,check_file_password,strcmp,615
login,check_file_password,strcmp,621
login,checkpass,checkpass_pwd,460
login,checkpass_pwd,crypt,481
login,checkpass_pwd,crypt,485
options,config_read_line,fgets,27
options,create_options,config_read_line,50
options,getoption,strcasecmp,244
options,getoption_directories,getoption,269
options,getoption_group,getoption_directories,315
options,getoption_group,getoption,317
options,getoption_user,getoption_directories,332
options,getoption_user,getoption,334
options,getoption_global,getoption_directories,345
options,getoption_global,getoption,348
options,config_getoption,getoption_user,361
options,config_getoption,getoption_group,363
options,config_getoption,getoption_global,366
options,config_getoption_reread,getoption,394
mystring,pos,strstr,7
mystring,pos,strstr,7
mystring,pos,strstr,8
mystring,pos,strstr,8
mystring,cutto,strlen,16
mystring,mystrncpy,strncpy,21
mystring,mystrncpy,strncpy,21
mystring,replace,strlen,41
mystring,replace,strlen,42
mystring,replace,strlen,43
mystring,replace,strstr,45
mystring,int_from_list,strlen,72
mystring,int_from_list,strlen,76
mystring,int_from_list,strlen,77
mystring,int_from_list,strncpy,77
mystring,int_from_list,strlen,80
md5,md5_buffer,md5_process,480
md5,md5_buffer,md5_process,480
md5,md5_buffer,md5_finish,483
dirlist,bftpd_stat,lstat64,110
dirlist,bftpd_stat,fprintf,111
dirlist,bftpd_stat,readlink,117
dirlist,dirlist_one_file,stat64,172
dirlist,dirlist_one_file,strrchr,181
bftpdutmp,bftpdutmp_create_dir,strdup,23
bftpdutmp,bftpdutmp_usercount,strcmp,138
bftpdutmp,bftpdutmp_usercount,strcmp,138
bftpdutmp,bftpdutmp_dup_ip_count,strcmp,158
logging,bftpd_statuslog,vsnprintf,63
logging,bftpd_log,vsnprintf,78
logging,Update_Send_Recv,fprintf,175
logging,Update_Send_Recv,fprintf,175
logging,Update_Send_Recv,fprintf,175
