code,location,file,cdg_nodes,neighbor_node,context_list,ddg_list,static_list,cluster_index
"fprintf ( stderr , ""assertion failed: %s:%d: \""%s\""\n"" , file , line , expr )",13:4:361:431,/data/download/squid/squid-3.5.25/compat/assert.cc,[],"[["""", [4973, ""True"", ""int line"", ""Parameter""]], ["""", [4976, ""True"", ""const char * file"", ""Parameter""]], ["""", [4979, ""True"", ""const char * expr"", ""Parameter""]], ["""", [5004, ""True"", ""ENTRY"", ""CFGEntryNode""]]]","[[[""int""]], [[""const char *""]], [[""const char *""]], [[""ENTRY""]]]","[[[""const char *""], ""const char *""], [[""int""], ""int""], [[""const char *""], ""const char *""]]","[""\""assertion failed: %s:%d: \\\""%s\\\""\\n\""""]"
"vfprintf ( stderr , format , args )",25:4:574:602,/data/download/squid/squid-3.5.25/compat/debug.cc,"[[""False"", [5359, ""True"", ""! debug_enabled"", ""Condition""]]]","[["""", [5344, ""True"", ""va_start ( args , format )"", ""ExpressionStatement""]], ["""", [5353, ""True"", ""va_list args ;"", ""IdentifierDeclStatement""]], ["""", [5321, ""True"", ""const char * format"", ""Parameter""]]]","[[[""!"", ""debug_enabled""]], [[""va_start"", ""va_list"", ""const char *""]], [[""va_list""]], [[""const char *""]]]","[[[""const char *""], ""const char *""], [[""va_list""], ""va_list""]]",[]
"fprintf ( stderr , ""%s\n"" , _sys_siglist [ sig ] )",26:8:756:800,/data/download/squid/squid-3.5.25/compat/psignal.c,"[[""True"", [13293, ""True"", ""sig > 0 && sig < _sys_nsig"", ""Condition""]]]","[["""", [13302, ""True"", ""fprintf ( stderr , \""%s: \"" , msg )"", ""ExpressionStatement""]], ["""", [13261, ""True"", ""const char * msg"", ""Parameter""]], ["""", [13261, ""True"", ""const char * msg"", ""Parameter""]], ["""", [13264, ""True"", ""int sig"", ""Parameter""]]]","[[[""int"", ""0"", "">""]], [[""int"", ""_sys_nsig"", ""<""]], [[""fprintf"", ""stderr"", ""\""%s: \"""", ""const char *""]], [[""const char *""]], [[""const char *""]], [[""int""]]]","[[[""int""], ""int""]]","[""\""%s\\n\""""]"
"fprintf ( stderr , ""%s: "" , msg )",24:23:678:708,/data/download/squid/squid-3.5.25/compat/psignal.c,"[[""True"", [13313, ""True"", ""msg && * msg"", ""Condition""]]]","[["""", [13261, ""True"", ""const char * msg"", ""Parameter""]], ["""", [13264, ""True"", ""int sig"", ""Parameter""]], ["""", [13319, ""True"", ""ENTRY"", ""CFGEntryNode""]]]","[[[""const char *""]], [[""*"", ""const char *""]], [[""const char *""]], [[""int""]], [[""ENTRY""]]]","[[[""const char *""], ""const char *""]]","[""\""%s: \""""]"
"fprintf ( stderr , ""Connect timeouts not supported in your LDAP library\n"" )",240:4:7741:7813,/data/download/squid/squid-3.5.25/helpers/basic_auth/LDAP/basic_ldap_auth.cc,[],"[["""", [17060, ""True"", ""int timelimit"", ""Parameter""]], ["""", [17063, ""True"", ""LDAP * ld"", ""Parameter""]], ["""", [17077, ""True"", ""ENTRY"", ""CFGEntryNode""]]]","[[[""int""]], [[""LDAP *""]], [[""ENTRY""]]]",[],"[""\""Connect timeouts not supported in your LDAP library\\n\""""]"
"fprintf ( stderr , ""Could not Activate TLS connection\n"" )",308:12:9798:9852,/data/download/squid/squid-3.5.25/helpers/basic_auth/LDAP/basic_ldap_auth.cc,"[[""True"", [17164, ""True"", ""ldap_start_tls_s ( ld , NULL , NULL ) != LDAP_SUCCESS"", ""Condition""]], [""False"", [17194, ""True"", ""version != LDAP_VERSION3"", ""Condition""]], [""True"", [17198, ""True"", ""use_tls"", ""Condition""]]]","[["""", [17202, ""True"", ""exit ( 1 )"", ""ExpressionStatement""]]]","[[[""ldap_start_tls_s"", ""LDAP *"", ""NULL"", ""NULL"", ""LDAP_SUCCESS"", ""!=""]], [[""version"", ""LDAP_VERSION3"", ""!=""]], [[""use_tls""]], [[""exit"", ""1""]]]",[],"[""\""Could not Activate TLS connection\\n\""""]"
"fprintf ( stderr , ""TLS requires LDAP version 3\n"" )",305:12:9644:9692,/data/download/squid/squid-3.5.25/helpers/basic_auth/LDAP/basic_ldap_auth.cc,"[[""True"", [17194, ""True"", ""version != LDAP_VERSION3"", ""Condition""]], [""True"", [17198, ""True"", ""use_tls"", ""Condition""]]]","[["""", [17202, ""True"", ""exit ( 1 )"", ""ExpressionStatement""]], ["""", [17209, ""True"", ""fprintf ( stderr , \""Could not set LDAP_OPT_PROTOCOL_VERSION %d\\n\"" , version )"", ""ExpressionStatement""]], ["""", [17237, ""True"", ""version = LDAP_VERSION3"", ""ExpressionStatement""]]]","[[[""version"", ""LDAP_VERSION3"", ""!=""]], [[""use_tls""]], [[""exit"", ""1""]], [[""fprintf"", ""stderr"", ""\""Could not set LDAP_OPT_PROTOCOL_VERSION %d\\n\"""", ""version""]], [[""version"", ""LDAP_VERSION3"", ""=""]]]",[],"[""\""TLS requires LDAP version 3\\n\""""]"
"fprintf ( stderr , ""Could not set LDAP_OPT_PROTOCOL_VERSION %d\n"" , version )",298:8:9438:9526,/data/download/squid/squid-3.5.25/helpers/basic_auth/LDAP/basic_ldap_auth.cc,"[[""True"", [17220, ""True"", ""ldap_set_option ( ld , LDAP_OPT_PROTOCOL_VERSION , & version ) != LDAP_SUCCESS"", ""Condition""]]]","[["""", [17237, ""True"", ""version = LDAP_VERSION3"", ""ExpressionStatement""]], ["""", [17248, ""True"", ""squid_ldap_set_connect_timeout ( ld , connect_timeout )"", ""ExpressionStatement""]], ["""", [17248, ""True"", ""squid_ldap_set_connect_timeout ( ld , connect_timeout )"", ""ExpressionStatement""]], ["""", [17265, ""True"", ""exit ( 1 )"", ""ExpressionStatement""]], ["""", [17301, ""True"", ""exit ( 1 )"", ""ExpressionStatement""]], ["""", [17382, ""True"", ""exit ( 1 )"", ""ExpressionStatement""]]]","[[[""ldap_set_option"", ""LDAP *"", ""LDAP_OPT_PROTOCOL_VERSION"", ""&"", ""version"", ""LDAP_SUCCESS"", ""!=""]], [[""version"", ""LDAP_VERSION3"", ""=""]], [[""squid_ldap_set_connect_timeout"", ""LDAP *"", ""connect_timeout""]], [[""squid_ldap_set_connect_timeout"", ""LDAP *"", ""connect_timeout""]], [[""exit"", ""1""]], [[""exit"", ""1""]], [[""exit"", ""1""]]]","[[[""version"", ""LDAP_VERSION3"", ""=""], ""version""]]","[""\""Could not set LDAP_OPT_PROTOCOL_VERSION %d\\n\""""]"
"fprintf ( stderr , ""\nUnable to connect to LDAP server:%s port:%d\n"" , ldapServer , port )",286:16:9025:9133,/data/download/squid/squid-3.5.25/helpers/basic_auth/LDAP/basic_ldap_auth.cc,"[[""True"", [17285, ""True"", ""( ld = ldap_init ( ldapServer , port ) ) == NULL"", ""Condition""]], [""False"", [17377, ""True"", ""sslpath"", ""Condition""]], [""False"", [17420, ""True"", ""strstr ( ldapServer , \""://\"" ) != NULL"", ""Condition""]]]","[["""", [17431, ""True"", ""LDAP * ld = NULL ;"", ""IdentifierDeclStatement""]]]","[[[""ld"", ""ldap_init"", ""const char *"", ""int"", ""="", ""NULL"", ""==""]], [[""sslpath""]], [[""strstr"", ""const char *"", ""\""://\"""", ""NULL"", ""!=""]], [[""LDAP *"", ""NULL"", ""NULL"", ""=""]]]","[[[""const char *""], ""const char *""], [[""int""], ""int""]]","[""\""\\nUnable to connect to LDAP server:%s port:%d\\n\""""]"
"fprintf ( stderr , ""\nUnable to connect to SSL LDAP server: %s port:%d\n"" , ldapServer , port )",279:16:8771:8884,/data/download/squid/squid-3.5.25/helpers/basic_auth/LDAP/basic_ldap_auth.cc,"[[""True"", [17321, ""True"", ""( ld = ldapssl_init ( ldapServer , port , 1 ) ) == NULL"", ""Condition""]], [""True"", [17377, ""True"", ""sslpath"", ""Condition""]], [""False"", [17420, ""True"", ""strstr ( ldapServer , \""://\"" ) != NULL"", ""Condition""]]]","[["""", [17339, ""True"", ""++ sslinit"", ""ExpressionStatement""]], ["""", [17344, ""True"", ""exit ( 1 )"", ""ExpressionStatement""]], ["""", [17351, ""True"", ""fprintf ( stderr , \""\\nUnable to initialise SSL with cert path %s\\n\"" , sslpath )"", ""ExpressionStatement""]]]","[[[""ld"", ""ldapssl_init"", ""const char *"", ""int"", ""1"", ""="", ""NULL"", ""==""]], [[""sslpath""]], [[""strstr"", ""const char *"", ""\""://\"""", ""NULL"", ""!=""]], [[""sslinit""]], [[""exit"", ""1""]], [[""fprintf"", ""stderr"", ""\""\\nUnable to initialise SSL with cert path %s\\n\"""", ""sslpath""]]]","[[[""const char *""], ""const char *""], [[""int""], ""int""]]","[""\""\\nUnable to connect to SSL LDAP server: %s port:%d\\n\""""]"
"fprintf ( stderr , ""\nUnable to initialise SSL with cert path %s\n"" , sslpath )",272:16:8500:8598,/data/download/squid/squid-3.5.25/helpers/basic_auth/LDAP/basic_ldap_auth.cc,"[[""True"", [17362, ""True"", ""! sslinit && ( ldapssl_client_init ( sslpath , NULL ) != LDAP_SUCCESS )"", ""Condition""]], [""True"", [17377, ""True"", ""sslpath"", ""Condition""]], [""False"", [17420, ""True"", ""strstr ( ldapServer , \""://\"" ) != NULL"", ""Condition""]]]","[["""", [17431, ""True"", ""LDAP * ld = NULL ;"", ""IdentifierDeclStatement""]]]","[[[""!"", ""sslinit""]], [[""ldapssl_client_init"", ""sslpath"", ""NULL"", ""LDAP_SUCCESS"", ""!=""]], [[""sslpath""]], [[""strstr"", ""const char *"", ""\""://\"""", ""NULL"", ""!=""]], [[""LDAP *"", ""NULL"", ""NULL"", ""=""]]]",[],"[""\""\\nUnable to initialise SSL with cert path %s\\n\""""]"
"fprintf ( stderr , ""\nUnable to connect to LDAPURI:%s\n"" , ldapServer )",264:12:8243:8309,/data/download/squid/squid-3.5.25/helpers/basic_auth/LDAP/basic_ldap_auth.cc,"[[""True"", [17400, ""True"", ""rc != LDAP_SUCCESS"", ""Condition""]], [""True"", [17420, ""True"", ""strstr ( ldapServer , \""://\"" ) != NULL"", ""Condition""]]]","[["""", [17404, ""True"", ""int rc = ldap_initialize ( & ld , ldapServer ) ;"", ""IdentifierDeclStatement""]], ["""", [17431, ""True"", ""LDAP * ld = NULL ;"", ""IdentifierDeclStatement""]]]","[[[""int"", ""LDAP_SUCCESS"", ""!=""]], [[""strstr"", ""const char *"", ""\""://\"""", ""NULL"", ""!=""]], [[""int"", ""int"", ""ldap_initialize"", ""&"", ""ld"", ""const char *"", ""=""]], [[""LDAP *"", ""NULL"", ""NULL"", ""=""]]]","[[[""const char *""], ""const char *""]]","[""\""\\nUnable to connect to LDAPURI:%s\\n\""""]"
"fprintf ( stderr , ""\tIf you need to bind as a user to perform searches then use the\n\t-D binddn -w bindpasswd or -D binddn -W secretfile options\n\n"" )",557:8:17799:17948,/data/download/squid/squid-3.5.25/helpers/basic_auth/LDAP/basic_ldap_auth.cc,"[[""True"", [18097, ""True"", ""! basedn"", ""Condition""]]]","[["""", [17899, ""True"", ""fprintf ( stderr , \""\\tIf no search filter is specified, then the dn <userattr>=user,basedn\\n\\twill be used (same as specifying a search filter of '<userattr>=',\\n\\tbut quicker as as there is no need to search for the user DN)\\n\\n\"" )"", ""ExpressionStatement""]], ["""", [17908, ""True"", ""fprintf ( stderr , \""\\n\"" )"", ""ExpressionStatement""]], ["""", [17917, ""True"", ""fprintf ( stderr , \""\\t-d\\t\\t\\tenable debug mode\\n\"" )"", ""ExpressionStatement""]], ["""", [17926, ""True"", ""fprintf ( stderr , \""\\t-Z\\t\\t\\tTLS encrypt the LDAP connection, requires LDAP version 3\\n\"" )"", ""ExpressionStatement""]]]","[[[""!"", ""basedn""]], [[""fprintf"", ""stderr"", ""\""\\tIf no search filter is specified, then the dn <userattr>=user,basedn\\n\\twill be used (same as specifying a search filter of '<userattr>=',\\n\\tbut quicker as as there is no need to search for the user DN)\\n\\n\""""]], [[""fprintf"", ""stderr"", ""\""\\n\""""]], [[""fprintf"", ""stderr"", ""\""\\t-d\\t\\t\\tenable debug mode\\n\""""]], [[""fprintf"", ""stderr"", ""\""\\t-Z\\t\\t\\tTLS encrypt the LDAP connection, requires LDAP version 3\\n\""""]]]",[],"[""\""\\tIf you need to bind as a user to perform searches then use the\\n\\t-D binddn -w bindpasswd or -D binddn -W secretfile options\\n\\n\""""]"
"fprintf ( stderr , ""\tIf no search filter is specified, then the dn <userattr>=user,basedn\n\twill be used (same as specifying a search filter of '<userattr>=',\n\tbut quicker as as there is no need to search for the user DN)\n\n"" )",556:8:17561:17789,/data/download/squid/squid-3.5.25/helpers/basic_auth/LDAP/basic_ldap_auth.cc,"[[""True"", [18097, ""True"", ""! basedn"", ""Condition""]]]","[["""", [17908, ""True"", ""fprintf ( stderr , \""\\n\"" )"", ""ExpressionStatement""]], ["""", [17917, ""True"", ""fprintf ( stderr , \""\\t-d\\t\\t\\tenable debug mode\\n\"" )"", ""ExpressionStatement""]], ["""", [17926, ""True"", ""fprintf ( stderr , \""\\t-Z\\t\\t\\tTLS encrypt the LDAP connection, requires LDAP version 3\\n\"" )"", ""ExpressionStatement""]], ["""", [17935, ""True"", ""fprintf ( stderr , \""\\t-v 2|3\\t\\t\\tLDAP version\\n\"" )"", ""ExpressionStatement""]]]","[[[""!"", ""basedn""]], [[""fprintf"", ""stderr"", ""\""\\n\""""]], [[""fprintf"", ""stderr"", ""\""\\t-d\\t\\t\\tenable debug mode\\n\""""]], [[""fprintf"", ""stderr"", ""\""\\t-Z\\t\\t\\tTLS encrypt the LDAP connection, requires LDAP version 3\\n\""""]], [[""fprintf"", ""stderr"", ""\""\\t-v 2|3\\t\\t\\tLDAP version\\n\""""]]]",[],"[""\""\\tIf no search filter is specified, then the dn <userattr>=user,basedn\\n\\twill be used (same as specifying a search filter of '<userattr>=',\\n\\tbut quicker as as there is no need to search for the user DN)\\n\\n\""""]"
"fprintf ( stderr , ""\n"" )",555:8:17530:17551,/data/download/squid/squid-3.5.25/helpers/basic_auth/LDAP/basic_ldap_auth.cc,"[[""True"", [18097, ""True"", ""! basedn"", ""Condition""]]]","[["""", [17917, ""True"", ""fprintf ( stderr , \""\\t-d\\t\\t\\tenable debug mode\\n\"" )"", ""ExpressionStatement""]], ["""", [17926, ""True"", ""fprintf ( stderr , \""\\t-Z\\t\\t\\tTLS encrypt the LDAP connection, requires LDAP version 3\\n\"" )"", ""ExpressionStatement""]], ["""", [17935, ""True"", ""fprintf ( stderr , \""\\t-v 2|3\\t\\t\\tLDAP version\\n\"" )"", ""ExpressionStatement""]], ["""", [17944, ""True"", ""fprintf ( stderr , \""\\t-a never|always|search|find\\n\\t\\t\\t\\twhen to dereference aliases\\n\"" )"", ""ExpressionStatement""]]]","[[[""!"", ""basedn""]], [[""fprintf"", ""stderr"", ""\""\\t-d\\t\\t\\tenable debug mode\\n\""""]], [[""fprintf"", ""stderr"", ""\""\\t-Z\\t\\t\\tTLS encrypt the LDAP connection, requires LDAP version 3\\n\""""]], [[""fprintf"", ""stderr"", ""\""\\t-v 2|3\\t\\t\\tLDAP version\\n\""""]], [[""fprintf"", ""stderr"", ""\""\\t-a never|always|search|find\\n\\t\\t\\t\\twhen to dereference aliases\\n\""""]]]",[],"[""\""\\n\""""]"
"fprintf ( stderr , ""\t-d\t\t\tenable debug mode\n"" )",554:8:17472:17520,/data/download/squid/squid-3.5.25/helpers/basic_auth/LDAP/basic_ldap_auth.cc,"[[""True"", [18097, ""True"", ""! basedn"", ""Condition""]]]","[["""", [17926, ""True"", ""fprintf ( stderr , \""\\t-Z\\t\\t\\tTLS encrypt the LDAP connection, requires LDAP version 3\\n\"" )"", ""ExpressionStatement""]], ["""", [17935, ""True"", ""fprintf ( stderr , \""\\t-v 2|3\\t\\t\\tLDAP version\\n\"" )"", ""ExpressionStatement""]], ["""", [17944, ""True"", ""fprintf ( stderr , \""\\t-a never|always|search|find\\n\\t\\t\\t\\twhen to dereference aliases\\n\"" )"", ""ExpressionStatement""]], ["""", [17953, ""True"", ""fprintf ( stderr , \""\\t-R\\t\\t\\tdo not follow referrals\\n\"" )"", ""ExpressionStatement""]]]","[[[""!"", ""basedn""]], [[""fprintf"", ""stderr"", ""\""\\t-Z\\t\\t\\tTLS encrypt the LDAP connection, requires LDAP version 3\\n\""""]], [[""fprintf"", ""stderr"", ""\""\\t-v 2|3\\t\\t\\tLDAP version\\n\""""]], [[""fprintf"", ""stderr"", ""\""\\t-a never|always|search|find\\n\\t\\t\\t\\twhen to dereference aliases\\n\""""]], [[""fprintf"", ""stderr"", ""\""\\t-R\\t\\t\\tdo not follow referrals\\n\""""]]]",[],"[""\""\\t-d\\t\\t\\tenable debug mode\\n\""""]"
"fprintf ( stderr , ""\t-Z\t\t\tTLS encrypt the LDAP connection, requires LDAP version 3\n"" )",552:8:17368:17455,/data/download/squid/squid-3.5.25/helpers/basic_auth/LDAP/basic_ldap_auth.cc,"[[""True"", [18097, ""True"", ""! basedn"", ""Condition""]]]","[["""", [17935, ""True"", ""fprintf ( stderr , \""\\t-v 2|3\\t\\t\\tLDAP version\\n\"" )"", ""ExpressionStatement""]], ["""", [17944, ""True"", ""fprintf ( stderr , \""\\t-a never|always|search|find\\n\\t\\t\\t\\twhen to dereference aliases\\n\"" )"", ""ExpressionStatement""]], ["""", [17953, ""True"", ""fprintf ( stderr , \""\\t-R\\t\\t\\tdo not follow referrals\\n\"" )"", ""ExpressionStatement""]], ["""", [17962, ""True"", ""fprintf ( stderr , \""\\t-t timelimit\\t\\tsearch time limit\\n\"" )"", ""ExpressionStatement""]]]","[[[""!"", ""basedn""]], [[""fprintf"", ""stderr"", ""\""\\t-v 2|3\\t\\t\\tLDAP version\\n\""""]], [[""fprintf"", ""stderr"", ""\""\\t-a never|always|search|find\\n\\t\\t\\t\\twhen to dereference aliases\\n\""""]], [[""fprintf"", ""stderr"", ""\""\\t-R\\t\\t\\tdo not follow referrals\\n\""""]], [[""fprintf"", ""stderr"", ""\""\\t-t timelimit\\t\\tsearch time limit\\n\""""]]]",[],"[""\""\\t-Z\\t\\t\\tTLS encrypt the LDAP connection, requires LDAP version 3\\n\""""]"
"fprintf ( stderr , ""\t-v 2|3\t\t\tLDAP version\n"" )",551:8:17311:17358,/data/download/squid/squid-3.5.25/helpers/basic_auth/LDAP/basic_ldap_auth.cc,"[[""True"", [18097, ""True"", ""! basedn"", ""Condition""]]]","[["""", [17944, ""True"", ""fprintf ( stderr , \""\\t-a never|always|search|find\\n\\t\\t\\t\\twhen to dereference aliases\\n\"" )"", ""ExpressionStatement""]], ["""", [17953, ""True"", ""fprintf ( stderr , \""\\t-R\\t\\t\\tdo not follow referrals\\n\"" )"", ""ExpressionStatement""]], ["""", [17962, ""True"", ""fprintf ( stderr , \""\\t-t timelimit\\t\\tsearch time limit\\n\"" )"", ""ExpressionStatement""]], ["""", [17971, ""True"", ""fprintf ( stderr , \""\\t-c timeout\\t\\tconnect timeout\\n\"" )"", ""ExpressionStatement""]]]","[[[""!"", ""basedn""]], [[""fprintf"", ""stderr"", ""\""\\t-a never|always|search|find\\n\\t\\t\\t\\twhen to dereference aliases\\n\""""]], [[""fprintf"", ""stderr"", ""\""\\t-R\\t\\t\\tdo not follow referrals\\n\""""]], [[""fprintf"", ""stderr"", ""\""\\t-t timelimit\\t\\tsearch time limit\\n\""""]], [[""fprintf"", ""stderr"", ""\""\\t-c timeout\\t\\tconnect timeout\\n\""""]]]",[],"[""\""\\t-v 2|3\\t\\t\\tLDAP version\\n\""""]"
"fprintf ( stderr , ""\t-a never|always|search|find\n\t\t\t\twhen to dereference aliases\n"" )",549:8:17193:17280,/data/download/squid/squid-3.5.25/helpers/basic_auth/LDAP/basic_ldap_auth.cc,"[[""True"", [18097, ""True"", ""! basedn"", ""Condition""]]]","[["""", [17953, ""True"", ""fprintf ( stderr , \""\\t-R\\t\\t\\tdo not follow referrals\\n\"" )"", ""ExpressionStatement""]], ["""", [17962, ""True"", ""fprintf ( stderr , \""\\t-t timelimit\\t\\tsearch time limit\\n\"" )"", ""ExpressionStatement""]], ["""", [17971, ""True"", ""fprintf ( stderr , \""\\t-c timeout\\t\\tconnect timeout\\n\"" )"", ""ExpressionStatement""]], ["""", [17980, ""True"", ""fprintf ( stderr , \""\\t-E sslcertpath\\t\\tenable LDAP over SSL\\n\"" )"", ""ExpressionStatement""]]]","[[[""!"", ""basedn""]], [[""fprintf"", ""stderr"", ""\""\\t-R\\t\\t\\tdo not follow referrals\\n\""""]], [[""fprintf"", ""stderr"", ""\""\\t-t timelimit\\t\\tsearch time limit\\n\""""]], [[""fprintf"", ""stderr"", ""\""\\t-c timeout\\t\\tconnect timeout\\n\""""]], [[""fprintf"", ""stderr"", ""\""\\t-E sslcertpath\\t\\tenable LDAP over SSL\\n\""""]]]",[],"[""\""\\t-a never|always|search|find\\n\\t\\t\\t\\twhen to dereference aliases\\n\""""]"
"fprintf ( stderr , ""\t-R\t\t\tdo not follow referrals\n"" )",548:8:17129:17183,/data/download/squid/squid-3.5.25/helpers/basic_auth/LDAP/basic_ldap_auth.cc,"[[""True"", [18097, ""True"", ""! basedn"", ""Condition""]]]","[["""", [17962, ""True"", ""fprintf ( stderr , \""\\t-t timelimit\\t\\tsearch time limit\\n\"" )"", ""ExpressionStatement""]], ["""", [17971, ""True"", ""fprintf ( stderr , \""\\t-c timeout\\t\\tconnect timeout\\n\"" )"", ""ExpressionStatement""]], ["""", [17980, ""True"", ""fprintf ( stderr , \""\\t-E sslcertpath\\t\\tenable LDAP over SSL\\n\"" )"", ""ExpressionStatement""]], ["""", [17989, ""True"", ""fprintf ( stderr , \""\\t-P\\t\\t\\tpersistent LDAP connection\\n\"" )"", ""ExpressionStatement""]]]","[[[""!"", ""basedn""]], [[""fprintf"", ""stderr"", ""\""\\t-t timelimit\\t\\tsearch time limit\\n\""""]], [[""fprintf"", ""stderr"", ""\""\\t-c timeout\\t\\tconnect timeout\\n\""""]], [[""fprintf"", ""stderr"", ""\""\\t-E sslcertpath\\t\\tenable LDAP over SSL\\n\""""]], [[""fprintf"", ""stderr"", ""\""\\t-P\\t\\t\\tpersistent LDAP connection\\n\""""]]]",[],"[""\""\\t-R\\t\\t\\tdo not follow referrals\\n\""""]"
"fprintf ( stderr , ""\t-t timelimit\t\tsearch time limit\n"" )",547:8:17063:17119,/data/download/squid/squid-3.5.25/helpers/basic_auth/LDAP/basic_ldap_auth.cc,"[[""True"", [18097, ""True"", ""! basedn"", ""Condition""]]]","[["""", [17971, ""True"", ""fprintf ( stderr , \""\\t-c timeout\\t\\tconnect timeout\\n\"" )"", ""ExpressionStatement""]], ["""", [17980, ""True"", ""fprintf ( stderr , \""\\t-E sslcertpath\\t\\tenable LDAP over SSL\\n\"" )"", ""ExpressionStatement""]], ["""", [17989, ""True"", ""fprintf ( stderr , \""\\t-P\\t\\t\\tpersistent LDAP connection\\n\"" )"", ""ExpressionStatement""]], ["""", [17998, ""True"", ""fprintf ( stderr , \""\\t-p port\\t\\t\\tLDAP server port\\n\"" )"", ""ExpressionStatement""]]]","[[[""!"", ""basedn""]], [[""fprintf"", ""stderr"", ""\""\\t-c timeout\\t\\tconnect timeout\\n\""""]], [[""fprintf"", ""stderr"", ""\""\\t-E sslcertpath\\t\\tenable LDAP over SSL\\n\""""]], [[""fprintf"", ""stderr"", ""\""\\t-P\\t\\t\\tpersistent LDAP connection\\n\""""]], [[""fprintf"", ""stderr"", ""\""\\t-p port\\t\\t\\tLDAP server port\\n\""""]]]",[],"[""\""\\t-t timelimit\\t\\tsearch time limit\\n\""""]"
"fprintf ( stderr , ""\t-c timeout\t\tconnect timeout\n"" )",546:8:17001:17053,/data/download/squid/squid-3.5.25/helpers/basic_auth/LDAP/basic_ldap_auth.cc,"[[""True"", [18097, ""True"", ""! basedn"", ""Condition""]]]","[["""", [17980, ""True"", ""fprintf ( stderr , \""\\t-E sslcertpath\\t\\tenable LDAP over SSL\\n\"" )"", ""ExpressionStatement""]], ["""", [17989, ""True"", ""fprintf ( stderr , \""\\t-P\\t\\t\\tpersistent LDAP connection\\n\"" )"", ""ExpressionStatement""]], ["""", [17998, ""True"", ""fprintf ( stderr , \""\\t-p port\\t\\t\\tLDAP server port\\n\"" )"", ""ExpressionStatement""]], ["""", [18007, ""True"", ""fprintf ( stderr , \""\\t-h server\\t\\tLDAP server (defaults to localhost)\\n\"" )"", ""ExpressionStatement""]]]","[[[""!"", ""basedn""]], [[""fprintf"", ""stderr"", ""\""\\t-E sslcertpath\\t\\tenable LDAP over SSL\\n\""""]], [[""fprintf"", ""stderr"", ""\""\\t-P\\t\\t\\tpersistent LDAP connection\\n\""""]], [[""fprintf"", ""stderr"", ""\""\\t-p port\\t\\t\\tLDAP server port\\n\""""]], [[""fprintf"", ""stderr"", ""\""\\t-h server\\t\\tLDAP server (defaults to localhost)\\n\""""]]]",[],"[""\""\\t-c timeout\\t\\tconnect timeout\\n\""""]"
"fprintf ( stderr , ""\t-E sslcertpath\t\tenable LDAP over SSL\n"" )",544:8:16923:16984,/data/download/squid/squid-3.5.25/helpers/basic_auth/LDAP/basic_ldap_auth.cc,"[[""True"", [18097, ""True"", ""! basedn"", ""Condition""]]]","[["""", [17989, ""True"", ""fprintf ( stderr , \""\\t-P\\t\\t\\tpersistent LDAP connection\\n\"" )"", ""ExpressionStatement""]], ["""", [17998, ""True"", ""fprintf ( stderr , \""\\t-p port\\t\\t\\tLDAP server port\\n\"" )"", ""ExpressionStatement""]], ["""", [18007, ""True"", ""fprintf ( stderr , \""\\t-h server\\t\\tLDAP server (defaults to localhost)\\n\"" )"", ""ExpressionStatement""]], ["""", [18016, ""True"", ""fprintf ( stderr , \""\\t-H URI\\t\\t\\tLDAPURI (defaults to ldap://localhost)\\n\"" )"", ""ExpressionStatement""]]]","[[[""!"", ""basedn""]], [[""fprintf"", ""stderr"", ""\""\\t-P\\t\\t\\tpersistent LDAP connection\\n\""""]], [[""fprintf"", ""stderr"", ""\""\\t-p port\\t\\t\\tLDAP server port\\n\""""]], [[""fprintf"", ""stderr"", ""\""\\t-h server\\t\\tLDAP server (defaults to localhost)\\n\""""]], [[""fprintf"", ""stderr"", ""\""\\t-H URI\\t\\t\\tLDAPURI (defaults to ldap://localhost)\\n\""""]]]",[],"[""\""\\t-E sslcertpath\\t\\tenable LDAP over SSL\\n\""""]"
"fprintf ( stderr , ""\t-P\t\t\tpersistent LDAP connection\n"" )",542:8:16830:16887,/data/download/squid/squid-3.5.25/helpers/basic_auth/LDAP/basic_ldap_auth.cc,"[[""True"", [18097, ""True"", ""! basedn"", ""Condition""]]]","[["""", [17998, ""True"", ""fprintf ( stderr , \""\\t-p port\\t\\t\\tLDAP server port\\n\"" )"", ""ExpressionStatement""]], ["""", [18007, ""True"", ""fprintf ( stderr , \""\\t-h server\\t\\tLDAP server (defaults to localhost)\\n\"" )"", ""ExpressionStatement""]], ["""", [18016, ""True"", ""fprintf ( stderr , \""\\t-H URI\\t\\t\\tLDAPURI (defaults to ldap://localhost)\\n\"" )"", ""ExpressionStatement""]], ["""", [18025, ""True"", ""fprintf ( stderr , \""\\t-W secretfile\\t\\tread password for binddn from file secretfile\\n\"" )"", ""ExpressionStatement""]]]","[[[""!"", ""basedn""]], [[""fprintf"", ""stderr"", ""\""\\t-p port\\t\\t\\tLDAP server port\\n\""""]], [[""fprintf"", ""stderr"", ""\""\\t-h server\\t\\tLDAP server (defaults to localhost)\\n\""""]], [[""fprintf"", ""stderr"", ""\""\\t-H URI\\t\\t\\tLDAPURI (defaults to ldap://localhost)\\n\""""]], [[""fprintf"", ""stderr"", ""\""\\t-W secretfile\\t\\tread password for binddn from file secretfile\\n\""""]]]",[],"[""\""\\t-P\\t\\t\\tpersistent LDAP connection\\n\""""]"
"fprintf ( stderr , ""\t-p port\t\t\tLDAP server port\n"" )",541:8:16768:16820,/data/download/squid/squid-3.5.25/helpers/basic_auth/LDAP/basic_ldap_auth.cc,"[[""True"", [18097, ""True"", ""! basedn"", ""Condition""]]]","[["""", [18007, ""True"", ""fprintf ( stderr , \""\\t-h server\\t\\tLDAP server (defaults to localhost)\\n\"" )"", ""ExpressionStatement""]], ["""", [18016, ""True"", ""fprintf ( stderr , \""\\t-H URI\\t\\t\\tLDAPURI (defaults to ldap://localhost)\\n\"" )"", ""ExpressionStatement""]], ["""", [18025, ""True"", ""fprintf ( stderr , \""\\t-W secretfile\\t\\tread password for binddn from file secretfile\\n\"" )"", ""ExpressionStatement""]], ["""", [18034, ""True"", ""fprintf ( stderr , \""\\t-w bindpasswd\\t\\tpassword for binddn\\n\"" )"", ""ExpressionStatement""]]]","[[[""!"", ""basedn""]], [[""fprintf"", ""stderr"", ""\""\\t-h server\\t\\tLDAP server (defaults to localhost)\\n\""""]], [[""fprintf"", ""stderr"", ""\""\\t-H URI\\t\\t\\tLDAPURI (defaults to ldap://localhost)\\n\""""]], [[""fprintf"", ""stderr"", ""\""\\t-W secretfile\\t\\tread password for binddn from file secretfile\\n\""""]], [[""fprintf"", ""stderr"", ""\""\\t-w bindpasswd\\t\\tpassword for binddn\\n\""""]]]",[],"[""\""\\t-p port\\t\\t\\tLDAP server port\\n\""""]"
"fprintf ( stderr , ""\t-h server\t\tLDAP server (defaults to localhost)\n"" )",540:8:16687:16758,/data/download/squid/squid-3.5.25/helpers/basic_auth/LDAP/basic_ldap_auth.cc,"[[""True"", [18097, ""True"", ""! basedn"", ""Condition""]]]","[["""", [18016, ""True"", ""fprintf ( stderr , \""\\t-H URI\\t\\t\\tLDAPURI (defaults to ldap://localhost)\\n\"" )"", ""ExpressionStatement""]], ["""", [18025, ""True"", ""fprintf ( stderr , \""\\t-W secretfile\\t\\tread password for binddn from file secretfile\\n\"" )"", ""ExpressionStatement""]], ["""", [18034, ""True"", ""fprintf ( stderr , \""\\t-w bindpasswd\\t\\tpassword for binddn\\n\"" )"", ""ExpressionStatement""]], ["""", [18043, ""True"", ""fprintf ( stderr , \""\\t-D binddn\\t\\tDN to bind as to perform searches\\n\"" )"", ""ExpressionStatement""]]]","[[[""!"", ""basedn""]], [[""fprintf"", ""stderr"", ""\""\\t-H URI\\t\\t\\tLDAPURI (defaults to ldap://localhost)\\n\""""]], [[""fprintf"", ""stderr"", ""\""\\t-W secretfile\\t\\tread password for binddn from file secretfile\\n\""""]], [[""fprintf"", ""stderr"", ""\""\\t-w bindpasswd\\t\\tpassword for binddn\\n\""""]], [[""fprintf"", ""stderr"", ""\""\\t-D binddn\\t\\tDN to bind as to perform searches\\n\""""]]]",[],"[""\""\\t-h server\\t\\tLDAP server (defaults to localhost)\\n\""""]"
"fprintf ( stderr , ""\t-H URI\t\t\tLDAPURI (defaults to ldap://localhost)\n"" )",538:8:16597:16670,/data/download/squid/squid-3.5.25/helpers/basic_auth/LDAP/basic_ldap_auth.cc,"[[""True"", [18097, ""True"", ""! basedn"", ""Condition""]]]","[["""", [18025, ""True"", ""fprintf ( stderr , \""\\t-W secretfile\\t\\tread password for binddn from file secretfile\\n\"" )"", ""ExpressionStatement""]], ["""", [18034, ""True"", ""fprintf ( stderr , \""\\t-w bindpasswd\\t\\tpassword for binddn\\n\"" )"", ""ExpressionStatement""]], ["""", [18043, ""True"", ""fprintf ( stderr , \""\\t-D binddn\\t\\tDN to bind as to perform searches\\n\"" )"", ""ExpressionStatement""]], ["""", [18052, ""True"", ""fprintf ( stderr , \""\\t-s base|one|sub\\t\\tsearch scope\\n\"" )"", ""ExpressionStatement""]]]","[[[""!"", ""basedn""]], [[""fprintf"", ""stderr"", ""\""\\t-W secretfile\\t\\tread password for binddn from file secretfile\\n\""""]], [[""fprintf"", ""stderr"", ""\""\\t-w bindpasswd\\t\\tpassword for binddn\\n\""""]], [[""fprintf"", ""stderr"", ""\""\\t-D binddn\\t\\tDN to bind as to perform searches\\n\""""]], [[""fprintf"", ""stderr"", ""\""\\t-s base|one|sub\\t\\tsearch scope\\n\""""]]]",[],"[""\""\\t-H URI\\t\\t\\tLDAPURI (defaults to ldap://localhost)\\n\""""]"
"fprintf ( stderr , ""\t-W secretfile\t\tread password for binddn from file secretfile\n"" )",536:8:16482:16567,/data/download/squid/squid-3.5.25/helpers/basic_auth/LDAP/basic_ldap_auth.cc,"[[""True"", [18097, ""True"", ""! basedn"", ""Condition""]]]","[["""", [18034, ""True"", ""fprintf ( stderr , \""\\t-w bindpasswd\\t\\tpassword for binddn\\n\"" )"", ""ExpressionStatement""]], ["""", [18043, ""True"", ""fprintf ( stderr , \""\\t-D binddn\\t\\tDN to bind as to perform searches\\n\"" )"", ""ExpressionStatement""]], ["""", [18052, ""True"", ""fprintf ( stderr , \""\\t-s base|one|sub\\t\\tsearch scope\\n\"" )"", ""ExpressionStatement""]], ["""", [18061, ""True"", ""fprintf ( stderr , \""\\t-u userattr\\t\\tusername DN attribute\\n\"" )"", ""ExpressionStatement""]]]","[[[""!"", ""basedn""]], [[""fprintf"", ""stderr"", ""\""\\t-w bindpasswd\\t\\tpassword for binddn\\n\""""]], [[""fprintf"", ""stderr"", ""\""\\t-D binddn\\t\\tDN to bind as to perform searches\\n\""""]], [[""fprintf"", ""stderr"", ""\""\\t-s base|one|sub\\t\\tsearch scope\\n\""""]], [[""fprintf"", ""stderr"", ""\""\\t-u userattr\\t\\tusername DN attribute\\n\""""]]]",[],"[""\""\\t-W secretfile\\t\\tread password for binddn from file secretfile\\n\""""]"
"fprintf ( stderr , ""\t-w bindpasswd\t\tpassword for binddn\n"" )",535:8:16413:16472,/data/download/squid/squid-3.5.25/helpers/basic_auth/LDAP/basic_ldap_auth.cc,"[[""True"", [18097, ""True"", ""! basedn"", ""Condition""]]]","[["""", [18043, ""True"", ""fprintf ( stderr , \""\\t-D binddn\\t\\tDN to bind as to perform searches\\n\"" )"", ""ExpressionStatement""]], ["""", [18052, ""True"", ""fprintf ( stderr , \""\\t-s base|one|sub\\t\\tsearch scope\\n\"" )"", ""ExpressionStatement""]], ["""", [18061, ""True"", ""fprintf ( stderr , \""\\t-u userattr\\t\\tusername DN attribute\\n\"" )"", ""ExpressionStatement""]], ["""", [18070, ""True"", ""fprintf ( stderr , \""\\t-f filter\\t\\tsearch filter to locate user DN\\n\"" )"", ""ExpressionStatement""]]]","[[[""!"", ""basedn""]], [[""fprintf"", ""stderr"", ""\""\\t-D binddn\\t\\tDN to bind as to perform searches\\n\""""]], [[""fprintf"", ""stderr"", ""\""\\t-s base|one|sub\\t\\tsearch scope\\n\""""]], [[""fprintf"", ""stderr"", ""\""\\t-u userattr\\t\\tusername DN attribute\\n\""""]], [[""fprintf"", ""stderr"", ""\""\\t-f filter\\t\\tsearch filter to locate user DN\\n\""""]]]",[],"[""\""\\t-w bindpasswd\\t\\tpassword for binddn\\n\""""]"
"fprintf ( stderr , ""\t-D binddn\t\tDN to bind as to perform searches\n"" )",534:8:16334:16403,/data/download/squid/squid-3.5.25/helpers/basic_auth/LDAP/basic_ldap_auth.cc,"[[""True"", [18097, ""True"", ""! basedn"", ""Condition""]]]","[["""", [18052, ""True"", ""fprintf ( stderr , \""\\t-s base|one|sub\\t\\tsearch scope\\n\"" )"", ""ExpressionStatement""]], ["""", [18061, ""True"", ""fprintf ( stderr , \""\\t-u userattr\\t\\tusername DN attribute\\n\"" )"", ""ExpressionStatement""]], ["""", [18070, ""True"", ""fprintf ( stderr , \""\\t-f filter\\t\\tsearch filter to locate user DN\\n\"" )"", ""ExpressionStatement""]], ["""", [18079, ""True"", ""fprintf ( stderr , \""\\t-b basedn (REQUIRED)\\tbase dn under which to search\\n\"" )"", ""ExpressionStatement""]]]","[[[""!"", ""basedn""]], [[""fprintf"", ""stderr"", ""\""\\t-s base|one|sub\\t\\tsearch scope\\n\""""]], [[""fprintf"", ""stderr"", ""\""\\t-u userattr\\t\\tusername DN attribute\\n\""""]], [[""fprintf"", ""stderr"", ""\""\\t-f filter\\t\\tsearch filter to locate user DN\\n\""""]], [[""fprintf"", ""stderr"", ""\""\\t-b basedn (REQUIRED)\\tbase dn under which to search\\n\""""]]]",[],"[""\""\\t-D binddn\\t\\tDN to bind as to perform searches\\n\""""]"
"fprintf ( stderr , ""\t-s base|one|sub\t\tsearch scope\n"" )",533:8:16270:16324,/data/download/squid/squid-3.5.25/helpers/basic_auth/LDAP/basic_ldap_auth.cc,"[[""True"", [18097, ""True"", ""! basedn"", ""Condition""]]]","[["""", [18061, ""True"", ""fprintf ( stderr , \""\\t-u userattr\\t\\tusername DN attribute\\n\"" )"", ""ExpressionStatement""]], ["""", [18070, ""True"", ""fprintf ( stderr , \""\\t-f filter\\t\\tsearch filter to locate user DN\\n\"" )"", ""ExpressionStatement""]], ["""", [18079, ""True"", ""fprintf ( stderr , \""\\t-b basedn (REQUIRED)\\tbase dn under which to search\\n\"" )"", ""ExpressionStatement""]], ["""", [18088, ""True"", """", ""ExpressionStatement""]]]","[[[""!"", ""basedn""]], [[""fprintf"", ""stderr"", ""\""\\t-u userattr\\t\\tusername DN attribute\\n\""""]], [[""fprintf"", ""stderr"", ""\""\\t-f filter\\t\\tsearch filter to locate user DN\\n\""""]], [[""fprintf"", ""stderr"", ""\""\\t-b basedn (REQUIRED)\\tbase dn under which to search\\n\""""]], [[]]]",[],"[""\""\\t-s base|one|sub\\t\\tsearch scope\\n\""""]"
"fprintf ( stderr , ""\t-u userattr\t\tusername DN attribute\n"" )",532:8:16201:16260,/data/download/squid/squid-3.5.25/helpers/basic_auth/LDAP/basic_ldap_auth.cc,"[[""True"", [18097, ""True"", ""! basedn"", ""Condition""]]]","[["""", [18070, ""True"", ""fprintf ( stderr , \""\\t-f filter\\t\\tsearch filter to locate user DN\\n\"" )"", ""ExpressionStatement""]], ["""", [18079, ""True"", ""fprintf ( stderr , \""\\t-b basedn (REQUIRED)\\tbase dn under which to search\\n\"" )"", ""ExpressionStatement""]], ["""", [18088, ""True"", """", ""ExpressionStatement""]], ["""", [18089, ""True"", "")"", ""Statement""]]]","[[[""!"", ""basedn""]], [[""fprintf"", ""stderr"", ""\""\\t-f filter\\t\\tsearch filter to locate user DN\\n\""""]], [[""fprintf"", ""stderr"", ""\""\\t-b basedn (REQUIRED)\\tbase dn under which to search\\n\""""]], [[]], [[]]]",[],"[""\""\\t-u userattr\\t\\tusername DN attribute\\n\""""]"
"fprintf ( stderr , ""\t-f filter\t\tsearch filter to locate user DN\n"" )",531:8:16124:16191,/data/download/squid/squid-3.5.25/helpers/basic_auth/LDAP/basic_ldap_auth.cc,"[[""True"", [18097, ""True"", ""! basedn"", ""Condition""]]]","[["""", [18079, ""True"", ""fprintf ( stderr , \""\\t-b basedn (REQUIRED)\\tbase dn under which to search\\n\"" )"", ""ExpressionStatement""]], ["""", [18088, ""True"", """", ""ExpressionStatement""]], ["""", [18089, ""True"", "")"", ""Statement""]], ["""", [18090, ""True"", ""\"" -b basedn [options] [ldap_server_name[:port]]...\\n\\n\"""", ""Statement""]]]","[[[""!"", ""basedn""]], [[""fprintf"", ""stderr"", ""\""\\t-b basedn (REQUIRED)\\tbase dn under which to search\\n\""""]], [[]], [[]], [[]]]",[],"[""\""\\t-f filter\\t\\tsearch filter to locate user DN\\n\""""]"
"fprintf ( stderr , ""\t-b basedn (REQUIRED)\tbase dn under which to search\n"" )",530:8:16040:16114,/data/download/squid/squid-3.5.25/helpers/basic_auth/LDAP/basic_ldap_auth.cc,"[[""True"", [18097, ""True"", ""! basedn"", ""Condition""]]]","[["""", [18088, ""True"", """", ""ExpressionStatement""]], ["""", [18089, ""True"", "")"", ""Statement""]], ["""", [18090, ""True"", ""\"" -b basedn [options] [ldap_server_name[:port]]...\\n\\n\"""", ""Statement""]], ["""", [18091, ""True"", ""PROGRAM_NAME"", ""Statement""]]]","[[[""!"", ""basedn""]], [[]], [[]], [[]], [[]]]",[],"[""\""\\t-b basedn (REQUIRED)\\tbase dn under which to search\\n\""""]"
"fprintf ( stderr , ""TLS (-Z) is incompatible with version %d\n"" , version )",494:16:14958:15052,/data/download/squid/squid-3.5.25/helpers/basic_auth/LDAP/basic_ldap_auth.cc,"[[""True"", [18276, ""True"", ""version == LDAP_VERSION2"", ""Condition""]], [""case 'Z'"", [18697, ""True"", ""option"", ""Condition""]], [""case 'P'"", [18786, ""True"", ""argc > 1 && argv [ 1 ] [ 0 ] == '-'"", ""Condition""]]]","[["""", [18280, ""True"", ""case 'Z' :"", ""Label""]], ["""", [18699, ""True"", ""-- argc"", ""ExpressionStatement""]]]","[[[""version"", ""LDAP_VERSION2"", ""==""]], [[""char"", ""'Z'"", ""==""]], [[""int"", ""1"", "">"", ""'P'"", ""==""]], [[""char * *"", ""1"", ""0"", ""'-'"", ""==""]], [[]], [[""argc""]]]","[[[""version"", ""LDAP_VERSION3"", ""=""], ""version""], [[""version"", ""LDAP_VERSION2"", ""=""], ""version""], [[""version"", ""LDAP_VERSION3"", ""=""], ""version""]]","[""\""TLS (-Z) is incompatible with version %d\\n\""""]"
"fprintf ( stderr , ""Protocol version should be 2 or 3\n"" )",488:16:14766:14820,/data/download/squid/squid-3.5.25/helpers/basic_auth/LDAP/basic_ldap_auth.cc,"[[""default"", [18314, ""True"", ""atoi ( value )"", ""Condition""]], [""cas