patch_file,old_file,new_file,old_hunk_file,new_hunk_file,old_hunk_loc,new_hunk_loc,old_log_loc,new_log_loc
patch-unified-0-1,apache_1.3.0/src/ap/ap_slack.c,apache_1.3.1/src/ap/ap_slack.c,/usr/info/code/cpp/LogMonitor/LogMonitor/second/download/httpd/gumtree/httpd_old_hunk_1.cpp,/usr/info/code/cpp/LogMonitor/LogMonitor/second/download/httpd/gumtree/httpd_new_hunk_1.cpp,95,95,[6],[6]
patch-unified-0-1,apache_1.3.0/src/include/ap_config.h,apache_1.3.1/src/include/ap_config.h,/usr/info/code/cpp/LogMonitor/LogMonitor/second/download/httpd/gumtree/httpd_old_hunk_2.cpp,/usr/info/code/cpp/LogMonitor/LogMonitor/second/download/httpd/gumtree/httpd_new_hunk_2.cpp,1,1,[],"[1095, 1096, 1097]"
patch-unified-0-1,apache_1.3.0/src/include/conf.h,apache_1.3.1/src/include/conf.h,/usr/info/code/cpp/LogMonitor/LogMonitor/second/download/httpd/gumtree/httpd_old_hunk_3.cpp,/usr/info/code/cpp/LogMonitor/LogMonitor/second/download/httpd/gumtree/httpd_new_hunk_3.cpp,1,1,"[1097, 1098, 1099]",[]
patch-unified-0-1,apache_1.3.0/src/main/alloc.c,apache_1.3.1/src/main/alloc.c,/usr/info/code/cpp/LogMonitor/LogMonitor/second/download/httpd/gumtree/httpd_old_hunk_4.cpp,/usr/info/code/cpp/LogMonitor/LogMonitor/second/download/httpd/gumtree/httpd_new_hunk_4.cpp,1175,1175,"[2, 6]","[2, 6]"
patch-unified-0-1,apache_1.3.0/src/main/http_config.c,apache_1.3.1/src/main/http_config.c,/usr/info/code/cpp/LogMonitor/LogMonitor/second/download/httpd/gumtree/httpd_old_hunk_5.cpp,/usr/info/code/cpp/LogMonitor/LogMonitor/second/download/httpd/gumtree/httpd_new_hunk_5.cpp,497,499,[],[14]
patch-unified-0-1,apache_1.3.0/src/main/http_core.c,apache_1.3.1/src/main/http_core.c,/usr/info/code/cpp/LogMonitor/LogMonitor/second/download/httpd/gumtree/httpd_old_hunk_6.cpp,/usr/info/code/cpp/LogMonitor/LogMonitor/second/download/httpd/gumtree/httpd_new_hunk_6.cpp,654,725,[62],[79]
patch-unified-0-1,apache_1.3.0/src/main/http_core.c,apache_1.3.1/src/main/http_core.c,/usr/info/code/cpp/LogMonitor/LogMonitor/second/download/httpd/gumtree/httpd_old_hunk_7.cpp,/usr/info/code/cpp/LogMonitor/LogMonitor/second/download/httpd/gumtree/httpd_new_hunk_7.cpp,953,1094,"[400, 407, 434, 597, 598, 599, 622, 624, 626, 629, 681]","[537, 544, 577, 766, 787, 788, 789, 816, 818, 820, 824, 883]"
patch-unified-0-1,apache_1.3.0/src/main/http_core.c,apache_1.3.1/src/main/http_core.c,/usr/info/code/cpp/LogMonitor/LogMonitor/second/download/httpd/gumtree/httpd_old_hunk_8.cpp,/usr/info/code/cpp/LogMonitor/LogMonitor/second/download/httpd/gumtree/httpd_new_hunk_8.cpp,1643,1986,"[5, 17, 33]","[5, 18, 37]"
patch-unified-0-1,apache_1.3.0/src/main/http_core.c,apache_1.3.1/src/main/http_core.c,/usr/info/code/cpp/LogMonitor/LogMonitor/second/download/httpd/gumtree/httpd_old_hunk_9.cpp,/usr/info/code/cpp/LogMonitor/LogMonitor/second/download/httpd/gumtree/httpd_new_hunk_9.cpp,1972,2399,[78],[104]
patch-unified-0-1,apache_1.3.0/src/main/http_core.c,apache_1.3.1/src/main/http_core.c,/usr/info/code/cpp/LogMonitor/LogMonitor/second/download/httpd/gumtree/httpd_old_hunk_10.cpp,/usr/info/code/cpp/LogMonitor/LogMonitor/second/download/httpd/gumtree/httpd_new_hunk_10.cpp,2086,2542,"[17, 31, 39, 55, 78]","[26, 38, 57, 80]"
patch-unified-0-1,apache_1.3.0/src/main/http_main.c,apache_1.3.1/src/main/http_main.c,/usr/info/code/cpp/LogMonitor/LogMonitor/second/download/httpd/gumtree/httpd_old_hunk_11.cpp,/usr/info/code/cpp/LogMonitor/LogMonitor/second/download/httpd/gumtree/httpd_new_hunk_11.cpp,874,875,"[1, 3, 5, 6, 7, 9, 11, 12, 13, 14, 15, 16, 17, 18, 19]","[1, 3, 5, 6, 7, 9, 11, 12, 13, 14, 15, 16, 17, 18, 19, 20, 21]"
patch-unified-0-1,apache_1.3.0/src/main/http_main.c,apache_1.3.1/src/main/http_main.c,/usr/info/code/cpp/LogMonitor/LogMonitor/second/download/httpd/gumtree/httpd_old_hunk_12.cpp,/usr/info/code/cpp/LogMonitor/LogMonitor/second/download/httpd/gumtree/httpd_new_hunk_12.cpp,1040,1050,[],[7]
patch-unified-0-1,apache_1.3.0/src/main/http_main.c,apache_1.3.1/src/main/http_main.c,/usr/info/code/cpp/LogMonitor/LogMonitor/second/download/httpd/gumtree/httpd_old_hunk_13.cpp,/usr/info/code/cpp/LogMonitor/LogMonitor/second/download/httpd/gumtree/httpd_new_hunk_13.cpp,2539,2553,"[0, 4, 10]","[0, 4, 8, 14]"
patch-unified-0-1,apache_1.3.0/src/main/http_main.c,apache_1.3.1/src/main/http_main.c,/usr/info/code/cpp/LogMonitor/LogMonitor/second/download/httpd/gumtree/httpd_old_hunk_14.cpp,/usr/info/code/cpp/LogMonitor/LogMonitor/second/download/httpd/gumtree/httpd_new_hunk_14.cpp,2739,2760,[6],[]
patch-unified-0-1,apache_1.3.0/src/main/http_main.c,apache_1.3.1/src/main/http_main.c,/usr/info/code/cpp/LogMonitor/LogMonitor/second/download/httpd/gumtree/httpd_old_hunk_15.cpp,/usr/info/code/cpp/LogMonitor/LogMonitor/second/download/httpd/gumtree/httpd_new_hunk_15.cpp,4056,4071,"[1, 4]","[1, 4, 7]"
patch-unified-0-1,apache_1.3.0/src/main/http_main.c,apache_1.3.1/src/main/http_main.c,/usr/info/code/cpp/LogMonitor/LogMonitor/second/download/httpd/gumtree/httpd_old_hunk_16.cpp,/usr/info/code/cpp/LogMonitor/LogMonitor/second/download/httpd/gumtree/httpd_new_hunk_16.cpp,4273,4307,[],[18]
patch-unified-0-1,apache_1.3.0/src/main/http_main.c,apache_1.3.1/src/main/http_main.c,/usr/info/code/cpp/LogMonitor/LogMonitor/second/download/httpd/gumtree/httpd_old_hunk_17.cpp,/usr/info/code/cpp/LogMonitor/LogMonitor/second/download/httpd/gumtree/httpd_new_hunk_17.cpp,5428,5475,[],[21]
patch-unified-0-1,apache_1.3.0/src/main/http_protocol.c,apache_1.3.1/src/main/http_protocol.c,/usr/info/code/cpp/LogMonitor/LogMonitor/second/download/httpd/gumtree/httpd_old_hunk_18.cpp,/usr/info/code/cpp/LogMonitor/LogMonitor/second/download/httpd/gumtree/httpd_new_hunk_18.cpp,218,218,[19],[19]
patch-unified-0-1,apache_1.3.0/src/main/http_protocol.c,apache_1.3.1/src/main/http_protocol.c,/usr/info/code/cpp/LogMonitor/LogMonitor/second/download/httpd/gumtree/httpd_old_hunk_19.cpp,/usr/info/code/cpp/LogMonitor/LogMonitor/second/download/httpd/gumtree/httpd_new_hunk_19.cpp,910,910,[17],[17]
patch-unified-0-1,apache_1.3.0/src/main/http_protocol.c,apache_1.3.1/src/main/http_protocol.c,/usr/info/code/cpp/LogMonitor/LogMonitor/second/download/httpd/gumtree/httpd_old_hunk_20.cpp,/usr/info/code/cpp/LogMonitor/LogMonitor/second/download/httpd/gumtree/httpd_new_hunk_20.cpp,1221,1221,[10],[10]
patch-unified-0-1,apache_1.3.0/src/main/http_protocol.c,apache_1.3.1/src/main/http_protocol.c,/usr/info/code/cpp/LogMonitor/LogMonitor/second/download/httpd/gumtree/httpd_old_hunk_21.cpp,/usr/info/code/cpp/LogMonitor/LogMonitor/second/download/httpd/gumtree/httpd_new_hunk_21.cpp,1375,1375,[11],[11]
patch-unified-0-1,apache_1.3.0/src/main/http_protocol.c,apache_1.3.1/src/main/http_protocol.c,/usr/info/code/cpp/LogMonitor/LogMonitor/second/download/httpd/gumtree/httpd_old_hunk_22.cpp,/usr/info/code/cpp/LogMonitor/LogMonitor/second/download/httpd/gumtree/httpd_new_hunk_22.cpp,1718,1718,[2],[2]
patch-unified-0-1,apache_1.3.0/src/main/http_protocol.c,apache_1.3.1/src/main/http_protocol.c,/usr/info/code/cpp/LogMonitor/LogMonitor/second/download/httpd/gumtree/httpd_old_hunk_23.cpp,/usr/info/code/cpp/LogMonitor/LogMonitor/second/download/httpd/gumtree/httpd_new_hunk_23.cpp,1938,1957,[16],[16]
patch-unified-0-1,apache_1.3.0/src/main/http_protocol.c,apache_1.3.1/src/main/http_protocol.c,/usr/info/code/cpp/LogMonitor/LogMonitor/second/download/httpd/gumtree/httpd_old_hunk_24.cpp,/usr/info/code/cpp/LogMonitor/LogMonitor/second/download/httpd/gumtree/httpd_new_hunk_24.cpp,2120,2139,[8],[8]
patch-unified-0-1,apache_1.3.0/src/main/util.c,apache_1.3.1/src/main/util.c,/usr/info/code/cpp/LogMonitor/LogMonitor/second/download/httpd/gumtree/httpd_old_hunk_25.cpp,/usr/info/code/cpp/LogMonitor/LogMonitor/second/download/httpd/gumtree/httpd_new_hunk_25.cpp,864,864,[26],[26]
patch-unified-0-1,apache_1.3.0/src/main/util.c,apache_1.3.1/src/main/util.c,/usr/info/code/cpp/LogMonitor/LogMonitor/second/download/httpd/gumtree/httpd_old_hunk_26.cpp,/usr/info/code/cpp/LogMonitor/LogMonitor/second/download/httpd/gumtree/httpd_new_hunk_26.cpp,937,937,[10],[10]
patch-unified-0-1,apache_1.3.0/src/main/util_script.c,apache_1.3.1/src/main/util_script.c,/usr/info/code/cpp/LogMonitor/LogMonitor/second/download/httpd/gumtree/httpd_old_hunk_27.cpp,/usr/info/code/cpp/LogMonitor/LogMonitor/second/download/httpd/gumtree/httpd_new_hunk_27.cpp,378,408,"[17, 23]","[19, 25]"
patch-unified-0-1,apache_1.3.0/src/main/util_script.c,apache_1.3.1/src/main/util_script.c,/usr/info/code/cpp/LogMonitor/LogMonitor/second/download/httpd/gumtree/httpd_old_hunk_28.cpp,/usr/info/code/cpp/LogMonitor/LogMonitor/second/download/httpd/gumtree/httpd_new_hunk_28.cpp,435,469,[16],[20]
patch-unified-0-1,apache_1.3.0/src/main/util_script.c,apache_1.3.1/src/main/util_script.c,/usr/info/code/cpp/LogMonitor/LogMonitor/second/download/httpd/gumtree/httpd_old_hunk_29.cpp,/usr/info/code/cpp/LogMonitor/LogMonitor/second/download/httpd/gumtree/httpd_new_hunk_29.cpp,511,553,"[27, 29, 31]","[28, 31, 34]"
patch-unified-0-1,apache_1.3.0/src/main/util_script.c,apache_1.3.1/src/main/util_script.c,/usr/info/code/cpp/LogMonitor/LogMonitor/second/download/httpd/gumtree/httpd_old_hunk_30.cpp,/usr/info/code/cpp/LogMonitor/LogMonitor/second/download/httpd/gumtree/httpd_new_hunk_30.cpp,598,651,"[8, 14, 20, 25, 30, 42]","[8, 16, 24, 32, 40, 56]"
patch-unified-0-1,apache_1.3.0/src/main/util_script.c,apache_1.3.1/src/main/util_script.c,/usr/info/code/cpp/LogMonitor/LogMonitor/second/download/httpd/gumtree/httpd_old_hunk_31.cpp,/usr/info/code/cpp/LogMonitor/LogMonitor/second/download/httpd/gumtree/httpd_new_hunk_31.cpp,716,787,"[26, 32]","[31, 37, 69]"
patch-unified-0-1,apache_1.3.0/src/main/util_script.c,apache_1.3.1/src/main/util_script.c,/usr/info/code/cpp/LogMonitor/LogMonitor/second/download/httpd/gumtree/httpd_old_hunk_32.cpp,/usr/info/code/cpp/LogMonitor/LogMonitor/second/download/httpd/gumtree/httpd_new_hunk_32.cpp,930,1017,"[24, 42, 50]","[25, 46, 54]"
patch-unified-0-1,apache_1.3.0/src/modules/proxy/proxy_cache.c,apache_1.3.1/src/modules/proxy/proxy_cache.c,/usr/info/code/cpp/LogMonitor/LogMonitor/second/download/httpd/gumtree/httpd_old_hunk_33.cpp,/usr/info/code/cpp/LogMonitor/LogMonitor/second/download/httpd/gumtree/httpd_new_hunk_33.cpp,125,133,[],"[76, 88, 97, 103, 109]"
patch-unified-0-1,apache_1.3.0/src/modules/proxy/proxy_cache.c,apache_1.3.1/src/modules/proxy/proxy_cache.c,/usr/info/code/cpp/LogMonitor/LogMonitor/second/download/httpd/gumtree/httpd_old_hunk_34.cpp,/usr/info/code/cpp/LogMonitor/LogMonitor/second/download/httpd/gumtree/httpd_new_hunk_34.cpp,173,304,[3],[3]
patch-unified-0-1,apache_1.3.0/src/modules/proxy/proxy_cache.c,apache_1.3.1/src/modules/proxy/proxy_cache.c,/usr/info/code/cpp/LogMonitor/LogMonitor/second/download/httpd/gumtree/httpd_old_hunk_35.cpp,/usr/info/code/cpp/LogMonitor/LogMonitor/second/download/httpd/gumtree/httpd_new_hunk_35.cpp,189,320,"[3, 25]","[3, 12, 27]"
patch-unified-0-1,apache_1.3.0/src/modules/proxy/proxy_cache.c,apache_1.3.1/src/modules/proxy/proxy_cache.c,/usr/info/code/cpp/LogMonitor/LogMonitor/second/download/httpd/gumtree/httpd_old_hunk_36.cpp,/usr/info/code/cpp/LogMonitor/LogMonitor/second/download/httpd/gumtree/httpd_new_hunk_36.cpp,218,351,[0],"[0, 12]"
patch-unified-0-1,apache_1.3.0/src/modules/proxy/proxy_cache.c,apache_1.3.1/src/modules/proxy/proxy_cache.c,/usr/info/code/cpp/LogMonitor/LogMonitor/second/download/httpd/gumtree/httpd_old_hunk_37.cpp,/usr/info/code/cpp/LogMonitor/LogMonitor/second/download/httpd/gumtree/httpd_new_hunk_37.cpp,339,471,[1],[1]
patch-unified-0-1,apache_1.3.0/src/modules/proxy/proxy_connect.c,apache_1.3.1/src/modules/proxy/proxy_connect.c,/usr/info/code/cpp/LogMonitor/LogMonitor/second/download/httpd/gumtree/httpd_old_hunk_38.cpp,/usr/info/code/cpp/LogMonitor/LogMonitor/second/download/httpd/gumtree/httpd_new_hunk_38.cpp,159,159,"[4, 11]","[4, 11]"
patch-unified-0-1,apache_1.3.0/src/modules/proxy/proxy_ftp.c,apache_1.3.1/src/modules/proxy/proxy_ftp.c,/usr/info/code/cpp/LogMonitor/LogMonitor/second/download/httpd/gumtree/httpd_old_hunk_39.cpp,/usr/info/code/cpp/LogMonitor/LogMonitor/second/download/httpd/gumtree/httpd_new_hunk_39.cpp,569,569,[4],[4]
patch-unified-0-1,apache_1.3.0/src/modules/proxy/proxy_ftp.c,apache_1.3.1/src/modules/proxy/proxy_ftp.c,/usr/info/code/cpp/LogMonitor/LogMonitor/second/download/httpd/gumtree/httpd_old_hunk_40.cpp,/usr/info/code/cpp/LogMonitor/LogMonitor/second/download/httpd/gumtree/httpd_new_hunk_40.cpp,587,587,[3],[3]
patch-unified-0-1,apache_1.3.0/src/modules/proxy/proxy_ftp.c,apache_1.3.1/src/modules/proxy/proxy_ftp.c,/usr/info/code/cpp/LogMonitor/LogMonitor/second/download/httpd/gumtree/httpd_old_hunk_41.cpp,/usr/info/code/cpp/LogMonitor/LogMonitor/second/download/httpd/gumtree/httpd_new_hunk_41.cpp,638,638,[11],[11]
patch-unified-0-1,apache_1.3.0/src/modules/proxy/proxy_ftp.c,apache_1.3.1/src/modules/proxy/proxy_ftp.c,/usr/info/code/cpp/LogMonitor/LogMonitor/second/download/httpd/gumtree/httpd_old_hunk_42.cpp,/usr/info/code/cpp/LogMonitor/LogMonitor/second/download/httpd/gumtree/httpd_new_hunk_42.cpp,663,663,"[12, 14]","[12, 14]"
patch-unified-0-1,apache_1.3.0/src/modules/proxy/proxy_ftp.c,apache_1.3.1/src/modules/proxy/proxy_ftp.c,/usr/info/code/cpp/LogMonitor/LogMonitor/second/download/httpd/gumtree/httpd_old_hunk_43.cpp,/usr/info/code/cpp/LogMonitor/LogMonitor/second/download/httpd/gumtree/httpd_new_hunk_43.cpp,772,772,"[2, 12]","[2, 12]"
patch-unified-0-1,apache_1.3.0/src/modules/proxy/proxy_ftp.c,apache_1.3.1/src/modules/proxy/proxy_ftp.c,/usr/info/code/cpp/LogMonitor/LogMonitor/second/download/httpd/gumtree/httpd_old_hunk_44.cpp,/usr/info/code/cpp/LogMonitor/LogMonitor/second/download/httpd/gumtree/httpd_new_hunk_44.cpp,795,795,[1],[1]
patch-unified-0-1,apache_1.3.0/src/modules/proxy/proxy_ftp.c,apache_1.3.1/src/modules/proxy/proxy_ftp.c,/usr/info/code/cpp/LogMonitor/LogMonitor/second/download/httpd/gumtree/httpd_old_hunk_45.cpp,/usr/info/code/cpp/LogMonitor/LogMonitor/second/download/httpd/gumtree/httpd_new_hunk_45.cpp,849,849,"[2, 11, 21, 35]","[2, 11, 21, 35]"
patch-unified-0-1,apache_1.3.0/src/modules/proxy/proxy_ftp.c,apache_1.3.1/src/modules/proxy/proxy_ftp.c,/usr/info/code/cpp/LogMonitor/LogMonitor/second/download/httpd/gumtree/httpd_old_hunk_46.cpp,/usr/info/code/cpp/LogMonitor/LogMonitor/second/download/httpd/gumtree/httpd_new_hunk_46.cpp,973,977,[13],[13]
patch-unified-0-1,apache_1.3.0/src/modules/proxy/proxy_ftp.c,apache_1.3.1/src/modules/proxy/proxy_ftp.c,/usr/info/code/cpp/LogMonitor/LogMonitor/second/download/httpd/gumtree/httpd_old_hunk_47.cpp,/usr/info/code/cpp/LogMonitor/LogMonitor/second/download/httpd/gumtree/httpd_new_hunk_47.cpp,1027,1033,[9],[12]
patch-unified-0-1,apache_1.3.0/src/modules/proxy/proxy_ftp.c,apache_1.3.1/src/modules/proxy/proxy_ftp.c,/usr/info/code/cpp/LogMonitor/LogMonitor/second/download/httpd/gumtree/httpd_old_hunk_48.cpp,/usr/info/code/cpp/LogMonitor/LogMonitor/second/download/httpd/gumtree/httpd_new_hunk_48.cpp,1042,1051,[0],[0]
patch-unified-0-1,apache_1.3.0/src/modules/proxy/proxy_http.c,apache_1.3.1/src/modules/proxy/proxy_http.c,/usr/info/code/cpp/LogMonitor/LogMonitor/second/download/httpd/gumtree/httpd_old_hunk_49.cpp,/usr/info/code/cpp/LogMonitor/LogMonitor/second/download/httpd/gumtree/httpd_new_hunk_49.cpp,289,290,[11],[11]
patch-unified-0-1,apache_1.3.0/src/modules/proxy/proxy_http.c,apache_1.3.1/src/modules/proxy/proxy_http.c,/usr/info/code/cpp/LogMonitor/LogMonitor/second/download/httpd/gumtree/httpd_old_hunk_50.cpp,/usr/info/code/cpp/LogMonitor/LogMonitor/second/download/httpd/gumtree/httpd_new_hunk_50.cpp,303,304,[4],[4]
patch-unified-0-1,apache_1.3.0/src/modules/proxy/proxy_util.c,apache_1.3.1/src/modules/proxy/proxy_util.c,/usr/info/code/cpp/LogMonitor/LogMonitor/second/download/httpd/gumtree/httpd_old_hunk_51.cpp,/usr/info/code/cpp/LogMonitor/LogMonitor/second/download/httpd/gumtree/httpd_new_hunk_51.cpp,458,463,[6],"[11, 23, 27, 34, 63]"
patch-unified-0-1,apache_1.3.0/src/modules/proxy/proxy_util.c,apache_1.3.1/src/modules/proxy/proxy_util.c,/usr/info/code/cpp/LogMonitor/LogMonitor/second/download/httpd/gumtree/httpd_old_hunk_52.cpp,/usr/info/code/cpp/LogMonitor/LogMonitor/second/download/httpd/gumtree/httpd_new_hunk_52.cpp,1044,1105,[11],[11]
patch-unified-0-1,apache_1.3.0/src/modules/proxy/proxy_util.c,apache_1.3.1/src/modules/proxy/proxy_util.c,/usr/info/code/cpp/LogMonitor/LogMonitor/second/download/httpd/gumtree/httpd_old_hunk_53.cpp,/usr/info/code/cpp/LogMonitor/LogMonitor/second/download/httpd/gumtree/httpd_new_hunk_53.cpp,1098,1159,[10],[10]
patch-unified-0-1,apache_1.3.0/src/modules/standard/mod_asis.c,apache_1.3.1/src/modules/standard/mod_asis.c,/usr/info/code/cpp/LogMonitor/LogMonitor/second/download/httpd/gumtree/httpd_old_hunk_54.cpp,/usr/info/code/cpp/LogMonitor/LogMonitor/second/download/httpd/gumtree/httpd_new_hunk_54.cpp,63,63,[12],[12]
patch-unified-0-1,apache_1.3.0/src/modules/standard/mod_auth_anon.c,apache_1.3.1/src/modules/standard/mod_auth_anon.c,/usr/info/code/cpp/LogMonitor/LogMonitor/second/download/httpd/gumtree/httpd_old_hunk_55.cpp,/usr/info/code/cpp/LogMonitor/LogMonitor/second/download/httpd/gumtree/httpd_new_hunk_55.cpp,243,243,"[12, 20]","[12, 20]"
patch-unified-0-1,apache_1.3.0/src/modules/standard/mod_auth.c,apache_1.3.1/src/modules/standard/mod_auth.c,/usr/info/code/cpp/LogMonitor/LogMonitor/second/download/httpd/gumtree/httpd_old_hunk_56.cpp,/usr/info/code/cpp/LogMonitor/LogMonitor/second/download/httpd/gumtree/httpd_new_hunk_56.cpp,288,289,[],[6]
patch-unified-0-1,apache_1.3.0/src/modules/standard/mod_autoindex.c,apache_1.3.1/src/modules/standard/mod_autoindex.c,/usr/info/code/cpp/LogMonitor/LogMonitor/second/download/httpd/gumtree/httpd_old_hunk_57.cpp,/usr/info/code/cpp/LogMonitor/LogMonitor/second/download/httpd/gumtree/httpd_new_hunk_57.cpp,133,133,[],[31]
patch-unified-0-1,apache_1.3.0/src/modules/standard/mod_autoindex.c,apache_1.3.1/src/modules/standard/mod_autoindex.c,/usr/info/code/cpp/LogMonitor/LogMonitor/second/download/httpd/gumtree/httpd_old_hunk_58.cpp,/usr/info/code/cpp/LogMonitor/LogMonitor/second/download/httpd/gumtree/httpd_new_hunk_58.cpp,524,577,"[32, 35, 58, 73, 75, 77, 79, 86]","[31, 35, 58, 77, 79, 82, 85, 93]"
patch-unified-0-1,apache_1.3.0/src/modules/standard/mod_autoindex.c,apache_1.3.1/src/modules/standard/mod_autoindex.c,/usr/info/code/cpp/LogMonitor/LogMonitor/second/download/httpd/gumtree/httpd_old_hunk_59.cpp,/usr/info/code/cpp/LogMonitor/LogMonitor/second/download/httpd/gumtree/httpd_new_hunk_59.cpp,874,944,"[12, 14, 28, 31, 33]","[14, 17, 27, 30, 33]"
patch-unified-0-1,apache_1.3.0/src/modules/standard/mod_autoindex.c,apache_1.3.1/src/modules/standard/mod_autoindex.c,/usr/info/code/cpp/LogMonitor/LogMonitor/second/download/httpd/gumtree/httpd_old_hunk_60.cpp,/usr/info/code/cpp/LogMonitor/LogMonitor/second/download/httpd/gumtree/httpd_new_hunk_60.cpp,919,989,"[2, 6, 11, 15, 18]","[2, 6, 12, 17, 20]"
patch-unified-0-1,apache_1.3.0/src/modules/standard/mod_autoindex.c,apache_1.3.1/src/modules/standard/mod_autoindex.c,/usr/info/code/cpp/LogMonitor/LogMonitor/second/download/httpd/gumtree/httpd_old_hunk_61.cpp,/usr/info/code/cpp/LogMonitor/LogMonitor/second/download/httpd/gumtree/httpd_new_hunk_61.cpp,1051,1105,"[0, 13]","[0, 14]"
patch-unified-0-1,apache_1.3.0/src/modules/standard/mod_autoindex.c,apache_1.3.1/src/modules/standard/mod_autoindex.c,/usr/info/code/cpp/LogMonitor/LogMonitor/second/download/httpd/gumtree/httpd_old_hunk_62.cpp,/usr/info/code/cpp/LogMonitor/LogMonitor/second/download/httpd/gumtree/httpd_new_hunk_62.cpp,1106,1161,"[25, 28]","[27, 30]"
patch-unified-0-1,apache_1.3.0/src/modules/standard/mod_autoindex.c,apache_1.3.1/src/modules/standard/mod_autoindex.c,/usr/info/code/cpp/LogMonitor/LogMonitor/second/download/httpd/gumtree/httpd_old_hunk_63.cpp,/usr/info/code/cpp/LogMonitor/LogMonitor/second/download/httpd/gumtree/httpd_new_hunk_63.cpp,1162,1221,[5],[5]
patch-unified-0-1,apache_1.3.0/src/modules/standard/mod_cern_meta.c,apache_1.3.1/src/modules/standard/mod_cern_meta.c,/usr/info/code/cpp/LogMonitor/LogMonitor/second/download/httpd/gumtree/httpd_old_hunk_64.cpp,/usr/info/code/cpp/LogMonitor/LogMonitor/second/download/httpd/gumtree/httpd_new_hunk_64.cpp,253,254,[0],[0]
patch-unified-0-1,apache_1.3.0/src/modules/standard/mod_cgi.c,apache_1.3.1/src/modules/standard/mod_cgi.c,/usr/info/code/cpp/LogMonitor/LogMonitor/second/download/httpd/gumtree/httpd_old_hunk_65.cpp,/usr/info/code/cpp/LogMonitor/LogMonitor/second/download/httpd/gumtree/httpd_new_hunk_65.cpp,230,230,"[2, 5, 12]","[2, 5, 12]"
patch-unified-0-1,apache_1.3.0/src/modules/standard/mod_digest.c,apache_1.3.1/src/modules/standard/mod_digest.c,/usr/info/code/cpp/LogMonitor/LogMonitor/second/download/httpd/gumtree/httpd_old_hunk_66.cpp,/usr/info/code/cpp/LogMonitor/LogMonitor/second/download/httpd/gumtree/httpd_new_hunk_66.cpp,138,138,[12],[13]
patch-unified-0-1,apache_1.3.0/src/modules/standard/mod_include.c,apache_1.3.1/src/modules/standard/mod_include.c,/usr/info/code/cpp/LogMonitor/LogMonitor/second/download/httpd/gumtree/httpd_old_hunk_67.cpp,/usr/info/code/cpp/LogMonitor/LogMonitor/second/download/httpd/gumtree/httpd_new_hunk_67.cpp,604,604,[8],[8]
patch-unified-0-1,apache_1.3.0/src/modules/standard/mod_include.c,apache_1.3.1/src/modules/standard/mod_include.c,/usr/info/code/cpp/LogMonitor/LogMonitor/second/download/httpd/gumtree/httpd_old_hunk_68.cpp,/usr/info/code/cpp/LogMonitor/LogMonitor/second/download/httpd/gumtree/httpd_new_hunk_68.cpp,890,890,"[9, 12]","[9, 12]"
patch-unified-0-1,apache_1.3.0/src/modules/standard/mod_include.c,apache_1.3.1/src/modules/standard/mod_include.c,/usr/info/code/cpp/LogMonitor/LogMonitor/second/download/httpd/gumtree/httpd_old_hunk_69.cpp,/usr/info/code/cpp/LogMonitor/LogMonitor/second/download/httpd/gumtree/httpd_new_hunk_69.cpp,915,915,[11],[12]
patch-unified-0-1,apache_1.3.0/src/modules/standard/mod_mime_magic.c,apache_1.3.1/src/modules/standard/mod_mime_magic.c,/usr/info/code/cpp/LogMonitor/LogMonitor/second/download/httpd/gumtree/httpd_old_hunk_70.cpp,/usr/info/code/cpp/LogMonitor/LogMonitor/second/download/httpd/gumtree/httpd_new_hunk_70.cpp,1003,1006,"[3, 10]","[3, 10]"
patch-unified-0-1,apache_1.3.0/src/modules/standard/mod_mime_magic.c,apache_1.3.1/src/modules/standard/mod_mime_magic.c,/usr/info/code/cpp/LogMonitor/LogMonitor/second/download/httpd/gumtree/httpd_old_hunk_71.cpp,/usr/info/code/cpp/LogMonitor/LogMonitor/second/download/httpd/gumtree/httpd_new_hunk_71.cpp,1320,1322,[9],[9]
patch-unified-0-1,apache_1.3.0/src/modules/standard/mod_mime_magic.c,apache_1.3.1/src/modules/standard/mod_mime_magic.c,/usr/info/code/cpp/LogMonitor/LogMonitor/second/download/httpd/gumtree/httpd_old_hunk_72.cpp,/usr/info/code/cpp/LogMonitor/LogMonitor/second/download/httpd/gumtree/httpd_new_hunk_72.cpp,1568,1568,[10],[10]
patch-unified-0-1,apache_1.3.0/src/modules/standard/mod_mime_magic.c,apache_1.3.1/src/modules/standard/mod_mime_magic.c,/usr/info/code/cpp/LogMonitor/LogMonitor/second/download/httpd/gumtree/httpd_old_hunk_73.cpp,/usr/info/code/cpp/LogMonitor/LogMonitor/second/download/httpd/gumtree/httpd_new_hunk_73.cpp,2310,2304,[0],[0]
patch-unified-0-1,apache_1.3.0/src/modules/standard/mod_mime_magic.c,apache_1.3.1/src/modules/standard/mod_mime_magic.c,/usr/info/code/cpp/LogMonitor/LogMonitor/second/download/httpd/gumtree/httpd_old_hunk_74.cpp,/usr/info/code/cpp/LogMonitor/LogMonitor/second/download/httpd/gumtree/httpd_new_hunk_74.cpp,2381,2375,"[3, 10]","[3, 10]"
patch-unified-0-1,apache_1.3.0/src/modules/standard/mod_negotiation.c,apache_1.3.1/src/modules/standard/mod_negotiation.c,/usr/info/code/cpp/LogMonitor/LogMonitor/second/download/httpd/gumtree/httpd_old_hunk_75.cpp,/usr/info/code/cpp/LogMonitor/LogMonitor/second/download/httpd/gumtree/httpd_new_hunk_75.cpp,674,674,"[10, 20]","[10, 20]"
patch-unified-0-1,apache_1.3.0/src/modules/standard/mod_rewrite.c,apache_1.3.1/src/modules/standard/mod_rewrite.c,/usr/info/code/cpp/LogMonitor/LogMonitor/second/download/httpd/gumtree/httpd_old_hunk_76.cpp,/usr/info/code/cpp/LogMonitor/LogMonitor/second/download/httpd/gumtree/httpd_new_hunk_76.cpp,2879,3029,[17],[20]
patch-unified-0-1,apache_1.3.0/src/modules/standard/mod_rewrite.c,apache_1.3.1/src/modules/standard/mod_rewrite.c,/usr/info/code/cpp/LogMonitor/LogMonitor/second/download/httpd/gumtree/httpd_old_hunk_77.cpp,/usr/info/code/cpp/LogMonitor/LogMonitor/second/download/httpd/gumtree/httpd_new_hunk_77.cpp,3044,3210,"[1, 24]","[1, 31]"
patch-unified-0-1,apache_1.3.0/src/modules/standard/mod_unique_id.c,apache_1.3.1/src/modules/standard/mod_unique_id.c,/usr/info/code/cpp/LogMonitor/LogMonitor/second/download/httpd/gumtree/httpd_old_hunk_78.cpp,/usr/info/code/cpp/LogMonitor/LogMonitor/second/download/httpd/gumtree/httpd_new_hunk_78.cpp,122,123,[29],[]
patch-unified-0-1,apache_1.3.0/src/os/bs2000/bs2login.c,apache_1.3.1/src/os/bs2000/bs2login.c,/usr/info/code/cpp/LogMonitor/LogMonitor/second/download/httpd/gumtree/httpd_old_hunk_79.cpp,/usr/info/code/cpp/LogMonitor/LogMonitor/second/download/httpd/gumtree/httpd_new_hunk_79.cpp,115,115,[10],[10]
patch-unified-0-1,apache_1.3.0/src/os/win32/mod_isapi.c,apache_1.3.1/src/os/win32/mod_isapi.c,/usr/info/code/cpp/LogMonitor/LogMonitor/second/download/httpd/gumtree/httpd_old_hunk_80.cpp,/usr/info/code/cpp/LogMonitor/LogMonitor/second/download/httpd/gumtree/httpd_new_hunk_80.cpp,456,456,[0],[0]
patch-unified-0-1,apache_1.3.0/src/os/win32/util_win32.c,apache_1.3.1/src/os/win32/util_win32.c,/usr/info/code/cpp/LogMonitor/LogMonitor/second/download/httpd/gumtree/httpd_old_hunk_81.cpp,/usr/info/code/cpp/LogMonitor/LogMonitor/second/download/httpd/gumtree/httpd_new_hunk_81.cpp,33,41,[],[122]
patch-unified-0-1,apache_1.3.0/src/regex/engine.c,apache_1.3.1/src/regex/engine.c,/usr/info/code/cpp/LogMonitor/LogMonitor/second/download/httpd/gumtree/httpd_old_hunk_82.cpp,/usr/info/code/cpp/LogMonitor/LogMonitor/second/download/httpd/gumtree/httpd_new_hunk_82.cpp,43,43,[10],[11]
patch-unified-0-1,apache_1.3.0/src/support/ab.c,apache_1.3.1/src/support/ab.c,/usr/info/code/cpp/LogMonitor/LogMonitor/second/download/httpd/gumtree/httpd_old_hunk_83.cpp,/usr/info/code/cpp/LogMonitor/LogMonitor/second/download/httpd/gumtree/httpd_new_hunk_83.cpp,228,228,"[0, 1, 2, 3, 4, 5, 6, 7, 9, 10, 12, 15, 16, 17, 21, 22]","[0, 1, 2, 3, 4, 5, 6, 7, 9, 10, 12, 15, 16, 17, 21, 22]"
patch-unified-0-1,apache_1.3.0/src/support/ab.c,apache_1.3.1/src/support/ab.c,/usr/info/code/cpp/LogMonitor/LogMonitor/second/download/httpd/gumtree/httpd_old_hunk_84.cpp,/usr/info/code/cpp/LogMonitor/LogMonitor/second/download/httpd/gumtree/httpd_new_hunk_84.cpp,548,548,[8],[8]
patch-unified-0-1,apache_1.3.0/src/support/htpasswd.c,apache_1.3.1/src/support/htpasswd.c,/usr/info/code/cpp/LogMonitor/LogMonitor/second/download/httpd/gumtree/httpd_old_hunk_85.cpp,/usr/info/code/cpp/LogMonitor/LogMonitor/second/download/httpd/gumtree/httpd_new_hunk_85.cpp,158,158,"[7, 12]","[7, 12]"
patch-unified-0-1,apache_1.3.0/src/support/htpasswd.c,apache_1.3.1/src/support/htpasswd.c,/usr/info/code/cpp/LogMonitor/LogMonitor/second/download/httpd/gumtree/httpd_old_hunk_86.cpp,/usr/info/code/cpp/LogMonitor/LogMonitor/second/download/httpd/gumtree/httpd_new_hunk_86.cpp,173,173,"[7, 12, 14]","[7, 12, 14]"
patch-unified-0-1,apache_1.3.0/src/support/htpasswd.c,apache_1.3.1/src/support/htpasswd.c,/usr/info/code/cpp/LogMonitor/LogMonitor/second/download/httpd/gumtree/httpd_old_hunk_87.cpp,/usr/info/code/cpp/LogMonitor/LogMonitor/second/download/httpd/gumtree/httpd_new_hunk_87.cpp,208,208,[3],"[3, 13]"
patch-unified-0-1,apache_1.3.0/src/support/logresolve.c,apache_1.3.1/src/support/logresolve.c,/usr/info/code/cpp/LogMonitor/LogMonitor/second/download/httpd/gumtree/httpd_old_hunk_88.cpp,/usr/info/code/cpp/LogMonitor/LogMonitor/second/download/httpd/gumtree/httpd_new_hunk_88.cpp,285,285,[6],[6]
patch-unified-0-1,apache_1.3.0/src/support/suexec.c,apache_1.3.1/src/support/suexec.c,/usr/info/code/cpp/LogMonitor/LogMonitor/second/download/httpd/gumtree/httpd_old_hunk_89.cpp,/usr/info/code/cpp/LogMonitor/LogMonitor/second/download/httpd/gumtree/httpd_new_hunk_89.cpp,158,158,"[8, 16]","[8, 17]"
patch-unified-1-2,apache_1.3.1/src/include/http_log.h,apache_1.3.2/src/include/http_log.h,/usr/info/code/cpp/LogMonitor/LogMonitor/second/download/httpd/gumtree/httpd_old_hunk_90.cpp,/usr/info/code/cpp/LogMonitor/LogMonitor/second/download/httpd/gumtree/httpd_new_hunk_90.cpp,105,105,"[3, 10]","[3, 6, 16]"
patch-unified-1-2,apache_1.3.1/src/main/alloc.c,apache_1.3.2/src/main/alloc.c,/usr/info/code/cpp/LogMonitor/LogMonitor/second/download/httpd/gumtree/httpd_old_hunk_91.cpp,/usr/info/code/cpp/LogMonitor/LogMonitor/second/download/httpd/gumtree/httpd_new_hunk_91.cpp,1873,2031,[2],[2]
patch-unified-1-2,apache_1.3.1/src/main/http_config.c,apache_1.3.2/src/main/http_config.c,/usr/info/code/cpp/LogMonitor/LogMonitor/second/download/httpd/gumtree/httpd_old_hunk_92.cpp,/usr/info/code/cpp/LogMonitor/LogMonitor/second/download/httpd/gumtree/httpd_new_hunk_92.cpp,507,507,[6],[6]
patch-unified-1-2,apache_1.3.1/src/main/http_config.c,apache_1.3.2/src/main/http_config.c,/usr/info/code/cpp/LogMonitor/LogMonitor/second/download/httpd/gumtree/httpd_old_hunk_93.cpp,/usr/info/code/cpp/LogMonitor/LogMonitor/second/download/httpd/gumtree/httpd_new_hunk_93.cpp,535,535,"[12, 14]","[7, 9]"
patch-unified-1-2,apache_1.3.1/src/main/http_config.c,apache_1.3.2/src/main/http_config.c,/usr/info/code/cpp/LogMonitor/LogMonitor/second/download/httpd/gumtree/httpd_old_hunk_94.cpp,/usr/info/code/cpp/LogMonitor/LogMonitor/second/download/httpd/gumtree/httpd_new_hunk_94.cpp,1240,1236,"[6, 17]","[6, 18]"
patch-unified-1-2,apache_1.3.1/src/main/http_core.c,apache_1.3.2/src/main/http_core.c,/usr/info/code/cpp/LogMonitor/LogMonitor/second/download/httpd/gumtree/httpd_old_hunk_95.cpp,/usr/info/code/cpp/LogMonitor/LogMonitor/second/download/httpd/gumtree/httpd_new_hunk_95.cpp,1630,1682,"[1, 8]","[1, 8]"
patch-unified-1-2,apache_1.3.1/src/main/http_core.c,apache_1.3.2/src/main/http_core.c,/usr/info/code/cpp/LogMonitor/LogMonitor/second/download/httpd/gumtree/httpd_old_hunk_96.cpp,/usr/info/code/cpp/LogMonitor/LogMonitor/second/download/httpd/gumtree/httpd_new_hunk_96.cpp,1908,1960,"[2, 4, 6, 10]","[2, 4, 6, 10]"
patch-unified-1-2,apache_1.3.1/src/main/http_core.c,apache_1.3.2/src/main/http_core.c,/usr/info/code/cpp/LogMonitor/LogMonitor/second/download/httpd/gumtree/httpd_old_hunk_97.cpp,/usr/info/code/cpp/LogMonitor/LogMonitor/second/download/httpd/gumtree/httpd_new_hunk_97.cpp,1936,1988,[],"[7, 9, 11, 15]"
patch-unified-1-2,apache_1.3.1/src/main/http_core.c,apache_1.3.2/src/main/http_core.c,/usr/info/code/cpp/LogMonitor/LogMonitor/second/download/httpd/gumtree/httpd_old_hunk_98.cpp,/usr/info/code/cpp/LogMonitor/LogMonitor/second/download/httpd/gumtree/httpd_new_hunk_98.cpp,2497,2653,[6],[6]
patch-unified-1-2,apache_1.3.1/src/main/http_core.c,apache_1.3.2/src/main/http_core.c,/usr/info/code/cpp/LogMonitor/LogMonitor/second/download/httpd/gumtree/httpd_old_hunk_99.cpp,/usr/info/code/cpp/LogMonitor/LogMonitor/second/download/httpd/gumtree/httpd_new_hunk_99.cpp,2562,2718,"[6, 18, 37]","[6, 27, 43]"
patch-unified-1-2,apache_1.3.1/src/main/http_core.c,apache_1.3.2/src/main/http_core.c,/usr/info/code/cpp/LogMonitor/LogMonitor/second/download/httpd/gumtree/httpd_old_hunk_100.cpp,/usr/info/code/cpp/LogMonitor/LogMonitor/second/download/httpd/gumtree/httpd_new_hunk_100.cpp,2616,2778,[6],[6]
patch-unified-1-2,apache_1.3.1/src/main/http_log.c,apache_1.3.2/src/main/http_log.c,/usr/info/code/cpp/LogMonitor/LogMonitor/second/download/httpd/gumtree/httpd_old_hunk_101.cpp,/usr/info/code/cpp/LogMonitor/LogMonitor/second/download/httpd/gumtree/httpd_new_hunk_101.cpp,272,272,[6],[]
patch-unified-1-2,apache_1.3.1/src/main/http_log.c,apache_1.3.2/src/main/http_log.c,/usr/info/code/cpp/LogMonitor/LogMonitor/second/download/httpd/gumtree/httpd_old_hunk_102.cpp,/usr/info/code/cpp/LogMonitor/LogMonitor/second/download/httpd/gumtree/httpd_new_hunk_102.cpp,396,405,[12],[10]
patch-unified-1-2,apache_1.3.1/src/main/http_log.c,apache_1.3.2/src/main/http_log.c,/usr/info/code/cpp/LogMonitor/LogMonitor/second/download/httpd/gumtree/httpd_old_hunk_103.cpp,/usr/info/code/cpp/LogMonitor/LogMonitor/second/download/httpd/gumtree/httpd_new_hunk_103.cpp,413,420,"[15, 18, 24, 27, 30, 40, 46]","[6, 16, 51, 60, 63, 70, 73, 76, 90]"
patch-unified-1-2,apache_1.3.1/src/main/http_main.c,apache_1.3.2/src/main/http_main.c,/usr/info/code/cpp/LogMonitor/LogMonitor/second/download/httpd/gumtree/httpd_old_hunk_104.cpp,/usr/info/code/cpp/LogMonitor/LogMonitor/second/download/httpd/gumtree/httpd_new_hunk_104.cpp,409,412,[],[28]
patch-unified-1-2,apache_1.3.1/src/main/http_main.c,apache_1.3.2/src/main/http_main.c,/usr/info/code/cpp/LogMonitor/LogMonitor/second/download/httpd/gumtree/httpd_old_hunk_105.cpp,/usr/info/code/cpp/LogMonitor/LogMonitor/second/download/httpd/gumtree/httpd_new_hunk_105.cpp,835,876,[0],"[0, 25, 40, 53, 64]"
patch-unified-1-2,apache_1.3.1/src/main/http_main.c,apache_1.3.2/src/main/http_main.c,/usr/info/code/cpp/LogMonitor/LogMonitor/second/download/httpd/gumtree/httpd_old_hunk_106.cpp,/usr/info/code/cpp/LogMonitor/LogMonitor/second/download/httpd/gumtree/httpd_new_hunk_106.cpp,932,1037,"[4, 11]","[4, 11]"
patch-unified-1-2,apache_1.3.1/src/main/http_main.c,apache_1.3.2/src/main/http_main.c,/usr/info/code/cpp/LogMonitor/LogMonitor/second/download/httpd/gumtree/httpd_old_hunk_107.cpp,/usr/info/code/cpp/LogMonitor/LogMonitor/second/download/httpd/gumtree/httpd_new_hunk_107.cpp,1619,1724,[],"[12, 19]"
patch-unified-1-2,apache_1.3.1/src/main/http_main.c,apache_1.3.2/src/main/http_main.c,/usr/info/code/cpp/LogMonitor/LogMonitor/second/download/httpd/gumtree/httpd_old_hunk_108.cpp,/usr/info/code/cpp/LogMonitor/LogMonitor/second/download/httpd/gumtree/httpd_new_hunk_108.cpp,2653,2773,[3],[3]
patch-unified-1-2,apache_1.3.1/src/main/http_main.c,apache_1.3.2/src/main/http_main.c,/usr/info/code/cpp/LogMonitor/LogMonitor/second/download/httpd/gumtree/httpd_old_hunk_109.cpp,/usr/info/code/cpp/LogMonitor/LogMonitor/second/download/httpd/gumtree/httpd_new_hunk_109.cpp,2720,2840,[12],[12]
patch-unified-1-2,apache_1.3.1/src/main/http_main.c,apache_1.3.2/src/main/http_main.c,/usr/info/code/cpp/LogMonitor/LogMonitor/second/download/httpd/gumtree/httpd_old_hunk_110.cpp,/usr/info/code/cpp/LogMonitor/LogMonitor/second/download/httpd/gumtree/httpd_new_hunk_110.cpp,3160,3280,"[4, 5, 6, 7, 9, 12, 15, 18, 21]","[4, 5, 6, 8, 10, 13, 16, 19]"
patch-unified-1-2,apache_1.3.1/src/main/http_main.c,apache_1.3.2/src/main/http_main.c,/usr/info/code/cpp/LogMonitor/LogMonitor/second/download/httpd/gumtree/httpd_old_hunk_111.cpp,/usr/info/code/cpp/LogMonitor/LogMonitor/second/download/httpd/gumtree/httpd_new_hunk_111.cpp,3243,3361,"[1, 4]","[1, 4, 9, 12, 15, 18, 21, 24, 27, 30, 33, 36, 39, 42]"
patch-unified-1-2,apache_1.3.1/src/main/http_main.c,apache_1.3.2/src/main/http_main.c,/usr/info/code/cpp/LogMonitor/LogMonitor/second/download/httpd/gumtree/httpd_old_hunk_112.cpp,/usr/info/code/cpp/LogMonitor/LogMonitor/second/download/httpd/gumtree/httpd_new_hunk_112.cpp,3989,4147,[7],[7]
patch-unified-1-2,apache_1.3.1/src/main/http_main.c,apache_1.3.2/src/main/http_main.c,/usr/info/code/cpp/LogMonitor/LogMonitor/second/download/httpd/gumtree/httpd_old_hunk_113.cpp,/usr/info/code/cpp/LogMonitor/LogMonitor/second/download/httpd/gumtree/httpd_new_hunk_113.cpp,4069,4227,"[3, 6, 9]","[3, 7, 10]"
patch-unified-1-2,apache_1.3.1/src/main/http_main.c,apache_1.3.2/src/main/http_main.c,/usr/info/code/cpp/LogMonitor/LogMonitor/second/download/httpd/gumtree/httpd_old_hunk_114.cpp,/usr/info/code/cpp/LogMonitor/LogMonitor/second/download/httpd/gumtree/httpd_new_hunk_114.cpp,4149,4307,"[3, 6]","[3, 12, 18]"
patch-unified-1-2,apache_1.3.1/src/main/http_main.c,apache_1.3.2/src/main/http_main.c,/usr/info/code/cpp/LogMonitor/LogMonitor/second/download/httpd/gumtree/httpd_old_hunk_115.cpp,/usr/info/code/cpp/LogMonitor/LogMonitor/second/download/httpd/gumtree/httpd_new_hunk_115.cpp,5368,5578,[0],"[0, 11]"
patch-unified-1-2,apache_1.3.1/src/main/http_main.c,apache_1.3.2/src/main/http_main.c,/usr/info/code/cpp/LogMonitor/LogMonitor/second/download/httpd/gumtree/httpd_old_hunk_116.cpp,/usr/info/code/cpp/LogMonitor/LogMonitor/second/download/httpd/gumtree/httpd_new_hunk_116.cpp,5504,5725,"[7, 11]","[7, 11]"
patch-unified-1-2,apache_1.3.1/src/main/http_protocol.c,apache_1.3.2/src/main/http_protocol.c,/usr/info/code/cpp/LogMonitor/LogMonitor/second/download/httpd/gumtree/httpd_old_hunk_117.cpp,/usr/info/code/cpp/LogMonitor/LogMonitor/second/download/httpd/gumtree/httpd_new_hunk_117.cpp,643,645,[18],[]
patch-unified-1-2,apache_1.3.1/src/main/http_protocol.c,apache_1.3.2/src/main/http_protocol.c,/usr/info/code/cpp/LogMonitor/LogMonitor/second/download/httpd/gumtree/httpd_old_hunk_118.cpp,/usr/info/code/cpp/LogMonitor/LogMonitor/second/download/httpd/gumtree/httpd_new_hunk_118.cpp,792,808,"[21, 24]","[17, 27, 31]"
patch-unified-1-2,apache_1.3.1/src/main/http_protocol.c,apache_1.3.2/src/main/http_protocol.c,/usr/info/code/cpp/LogMonitor/LogMonitor/second/download/httpd/gumtree/httpd_old_hunk_119.cpp,/usr/info/code/cpp/LogMonitor/LogMonitor/second/download/httpd/gumtree/httpd_new_hunk_119.cpp,921,945,"[6, 18]","[6, 18]"
patch-unified-1-2,apache_1.3.1/src/main/http_protocol.c,apache_1.3.2/src/main/http_protocol.c,/usr/info/code/cpp/LogMonitor/LogMonitor/second/download/httpd/gumtree/httpd_old_hunk_120.cpp,/usr/info/code/cpp/LogMonitor/LogMonitor/second/download/httpd/gumtree/httpd_new_hunk_120.cpp,1355,1379,"[13, 18, 31, 41]","[14, 19, 32, 42, 49]"
patch-unified-1-2,apache_1.3.1/src/main/http_protocol.c,apache_1.3.2/src/main/http_protocol.c,/usr/info/code/cpp/LogMonitor/LogMonitor/second/download/httpd/gumtree/httpd_old_hunk_121.cpp,/usr/info/code/cpp/LogMonitor/LogMonitor/second/download/httpd/gumtree/httpd_new_hunk_121.cpp,1479,1513,[],[13]
patch-unified-1-2,apache_1.3.1/src/main/http_protocol.c,apache_1.3.2/src/main/http_protocol.c,/usr/info/code/cpp/LogMonitor/LogMonitor/second/download/httpd/gumtree/httpd_old_hunk_122.cpp,/usr/info/code/cpp/LogMonitor/LogMonitor/second/download/httpd/gumtree/httpd_new_hunk_122.cpp,1664,1712,[6],[6]
patch-unified-1-2,apache_1.3.1/src/main/http_protocol.c,apache_1.3.2/src/main/http_protocol.c,/usr/info/code/cpp/LogMonitor/LogMonitor/second/download/httpd/gumtree/httpd_old_hunk_123.cpp,/usr/info/code/cpp/LogMonitor/LogMonitor/second/download/httpd/gumtree/httpd_new_hunk_123.cpp,1781,1826,[6],[6]
patch-unified-1-2,apache_1.3.1/src/main/http_protocol.c,apache_1.3.2/src/main/http_protocol.c,/usr/info/code/cpp/LogMonitor/LogMonitor/second/download/httpd/gumtree/httpd_old_hunk_124.cpp,/usr/info/code/cpp/LogMonitor/LogMonitor/second/download/httpd/gumtree/httpd_new_hunk_124.cpp,1849,1891,[6],[6]
patch-unified-1-2,apache_1.3.1/src/main/http_request.c,apache_1.3.2/src/main/http_request.c,/usr/info/code/cpp/LogMonitor/LogMonitor/second/download/httpd/gumtree/httpd_old_hunk_125.cpp,/usr/info/code/cpp/LogMonitor/LogMonitor/second/download/httpd/gumtree/httpd_new_hunk_125.cpp,100,101,[6],[6]
patch-unified-1-2,apache_1.3.1/src/main/http_request.c,apache_1.3.2/src/main/http_request.c,/usr/info/code/cpp/LogMonitor/LogMonitor/second/download/httpd/gumtree/httpd_old_hunk_126.cpp,/usr/info/code/cpp/LogMonitor/LogMonitor/second/download/httpd/gumtree/httpd_new_hunk_126.cpp,243,244,[6],[6]
patch-unified-1-2,apache_1.3.1/src/main/http_request.c,apache_1.3.2/src/main/http_request.c,/usr/info/code/cpp/LogMonitor/LogMonitor/second/download/httpd/gumtree/httpd_old_hunk_127.cpp,/usr/info/code/cpp/LogMonitor/LogMonitor/second/download/httpd/gumtree/httpd_new_hunk_127.cpp,405,404,[6],[6]
patch-unified-1-2,apache_1.3.1/src/main/http_request.c,apache_1.3.2/src/main/http_request.c,/usr/info/code/cpp/LogMonitor/LogMonitor/second/download/httpd/gumtree/httpd_old_hunk_128.cpp,/usr/info/code/cpp/LogMonitor/LogMonitor/second/download/httpd/gumtree/httpd_new_hunk_128.cpp,500,499,[6],[6]
patch-unified-1-2,apache_1.3.1/src/main/http_request.c,apache_1.3.2/src/main/http_request.c,/usr/info/code/cpp/LogMonitor/LogMonitor/second/download/httpd/gumtree/httpd_old_hunk_129.cpp,/usr/info/code/cpp/LogMonitor/LogMonitor/second/download/httpd/gumtree/httpd_new_hunk_129.cpp,794,793,[6],[6]
patch-unified-1-2,apache_1.3.1/src/main/http_request.c,apache_1.3.2/src/main/http_request.c,/usr/info/code/cpp/LogMonitor/LogMonitor/second/download/httpd/gumtree/httpd_old_hunk_130.cpp,/usr/info/code/cpp/LogMonitor/LogMonitor/second/download/httpd/gumtree/httpd_new_hunk_130.cpp,968,967,"[6, 14, 17]","[6, 14, 17]"
patch-unified-1-2,apache_1.3.1/src/main/http_request.c,apache_1.3.2/src/main/http_request.c,/usr/info/code/cpp/LogMonitor/LogMonitor/second/download/httpd/gumtree/httpd_old_hunk_131.cpp,/usr/info/code/cpp/LogMonitor/LogMonitor/second/download/httpd/gumtree/httpd_new_hunk_131.cpp,1022,1021,[6],[6]
patch-unified-1-2,apache_1.3.1/src/main/http_request.c,apache_1.3.2/src/main/http_request.c,/usr/info/code/cpp/LogMonitor/LogMonitor/second/download/httpd/gumtree/httpd_old_hunk_132.cpp,/usr/info/code/cpp/LogMonitor/LogMonitor/second/download/httpd/gumtree/httpd_new_hunk_132.cpp,1038,1037,[6],[6]
patch-unified-1-2,apache_1.3.1/src/main/util.c,apache_1.3.2/src/main/util.c,/usr/info/code/cpp/LogMonitor/LogMonitor/second/download/httpd/gumtree/httpd_old_hunk_133.cpp,/usr/info/code/cpp/LogMonitor/LogMonitor/second/download/httpd/gumtree/httpd_new_hunk_133.cpp,698,698,[6],[6]
patch-unified-1-2,apache_1.3.1/src/main/util.c,apache_1.3.2/src/main/util.c,/usr/info/code/cpp/LogMonitor/LogMonitor/second/download/httpd/gumtree/httpd_old_hunk_134.cpp,/usr/info/code/cpp/LogMonitor/LogMonitor/second/download/httpd/gumtree/httpd_new_hunk_134.cpp,860,861,[30],[22]
patch-unified-1-2,apache_1.3.1/src/main/util.c,apache_1.3.2/src/main/util.c,/usr/info/code/cpp/LogMonitor/LogMonitor/second/download/httpd/gumtree/httpd_old_hunk_135.cpp,/usr/info/code/cpp/LogMonitor/LogMonitor/second/download/httpd/gumtree/httpd_new_hunk_135.cpp,1626,1619,"[5, 6]","[5, 6]"
patch-unified-1-2,apache_1.3.1/src/main/util_script.c,apache_1.3.2/src/main/util_script.c,/usr/info/code/cpp/LogMonitor/LogMonitor/second/download/httpd/gumtree/httpd_old_hunk_136.cpp,/usr/info/code/cpp/LogMonitor/LogMonitor/second/download/httpd/gumtree/httpd_new_hunk_136.cpp,407,413,"[20, 26]","[28, 46]"
patch-unified-1-2,apache_1.3.1/src/main/util_script.c,apache_1.3.2/src/main/util_script.c,/usr/info/code/cpp/LogMonitor/LogMonitor/second/download/httpd/gumtree/httpd_old_hunk_137.cpp,/usr/info/code/cpp/LogMonitor/LogMonitor/second/download/httpd/gumtree/httpd_new_hunk_137.cpp,463,491,[],[32]
patch-unified-1-2,apache_1.3.1/src/main/util_script.c,apache_1.3.2/src/main/util_script.c,/usr/info/code/cpp/LogMonitor/LogMonitor/second/download/httpd/gumtree/httpd_old_hunk_138.cpp,/usr/info/code/cpp/LogMonitor/LogMonitor/second/download/httpd/gumtree/httpd_new_hunk_138.cpp,483,538,[6],[6]
patch-unified-1-2,apache_1.3.1/src/main/util_script.c,apache_1.3.2/src/main/util_script.c,/usr/info/code/cpp/LogMonitor/LogMonitor/second/download/httpd/gumtree/httpd_old_hunk_139.cpp,/usr/info/code/cpp/LogMonitor/LogMonitor/second/download/httpd/gumtree/httpd_new_hunk_139.cpp,692,744,[15],[15]
patch-unified-1-2,apache_1.3.1/src/main/util_script.c,apache_1.3.2/src/main/util_script.c,/usr/info/code/cpp/LogMonitor/LogMonitor/second/download/httpd/gumtree/httpd_old_hunk_140.cpp,/usr/info/code/cpp/LogMonitor/LogMonitor/second/download/httpd/gumtree/httpd_new_hunk_140.cpp,789,842,"[29, 35, 67]","[32, 38, 70]"
patch-unified-1-2,apache_1.3.1/src/main/util_script.c,apache_1.3.2/src/main/util_script.c,/usr/info/code/cpp/LogMonitor/LogMonitor/second/download/httpd/gumtree/httpd_old_hunk_141.cpp,/usr/info/code/cpp/LogMonitor/LogMonitor/second/download/httpd/gumtree/httpd_new_hunk_141.cpp,1036,1107,[6],[6]
patch-unified-1-2,apache_1.3.1/src/main/util_script.c,apache_1.3.2/src/main/util_script.c,/usr/info/code/cpp/LogMonitor/LogMonitor/second/download/httpd/gumtree/httpd_old_hunk_142.cpp,/usr/info/code/cpp/LogMonitor/LogMonitor/second/download/httpd/gumtree/httpd_new_hunk_142.cpp,1057,1128,"[6, 14]","[6, 14]"
patch-unified-1-2,apache_1.3.1/src/modules/proxy/mod_proxy.c,apache_1.3.2/src/modules/proxy/mod_proxy.c,/usr/info/code/cpp/LogMonitor/LogMonitor/second/download/httpd/gumtree/httpd_old_hunk_143.cpp,/usr/info/code/cpp/LogMonitor/LogMonitor/second/download/httpd/gumtree/httpd_new_hunk_143.cpp,264,268,[6],[6]
patch-unified-1-2,apache_1.3.1/src/modules/proxy/mod_proxy.c,apache_1.3.2/src/modules/proxy/mod_proxy.c,/usr/info/code/cpp/LogMonitor/LogMonitor/second/download/httpd/gumtree/httpd_old_hunk_144.cpp,/usr/info/code/cpp/LogMonitor/LogMonitor/second/download/httpd/gumtree/httpd_new_hunk_144.cpp,326,347,[6],[6]
patch-unified-1-2,apache_1.3.1/src/modules/proxy/proxy_cache.c,apache_1.3.2/src/modules/proxy/proxy_cache.c,/usr/info/code/cpp/LogMonitor/LogMonitor/second/download/httpd/gumtree/httpd_old_hunk_145.cpp,/usr/info/code/cpp/LogMonitor/LogMonitor/second/download/httpd/gumtree/httpd_new_hunk_145.cpp,667,664,"[6, 18, 22]","[6, 18, 22]"
patch-unified-1-2,apache_1.3.1/src/modules/proxy/proxy_cache.c,apache_1.3.2/src/modules/proxy/proxy_cache.c,/usr/info/code/cpp/LogMonitor/LogMonitor/second/download/httpd/gumtree/httpd_old_hunk_146.cpp,/usr/info/code/cpp/LogMonitor/LogMonitor/second/download/httpd/gumtree/httpd_new_hunk_146.cpp,930,923,"[13, 17]","[13, 17]"
patch-unified-1-2,apache_1.3.1/src/modules/proxy/proxy_cache.c,apache_1.3.2/src/modules/proxy/proxy_cache.c,/usr/info/code/cpp/LogMonitor/LogMonitor/second/download/httpd/gumtree/httpd_old_hunk_147.cpp,/usr/info/code/cpp/LogMonitor/LogMonitor/second/download/httpd/gumtree/httpd_new_hunk_147.cpp,963,956,"[13, 17]","[13, 17]"
patch-unified-1-2,apache_1.3.1/src/modules/proxy/proxy_cache.c,apache_1.3.2/src/modules/proxy/proxy_cache.c,/usr/info/code/cpp/LogMonitor/LogMonitor/second/download/httpd/gumtree/httpd_old_hunk_148.cpp,/usr/info/code/cpp/LogMonitor/LogMonitor/second/download/httpd/gumtree/httpd_new_hunk_148.cpp,1007,1000,"[6, 16]","[6, 16]"
patch-unified-1-2,apache_1.3.1/src/modules/proxy/proxy_cache.c,apache_1.3.2/src/modules/proxy/proxy_cache.c,/usr/info/code/cpp/LogMonitor/LogMonitor/second/download/httpd/gumtree/httpd_old_hunk_149.cpp,/usr/info/code/cpp/LogMonitor/LogMonitor/second/download/httpd/gumtree/httpd_new_hunk_149.cpp,1113,1108,"[0, 9]","[0, 9]"
patch-unified-1-2,apache_1.3.1/src/modules/proxy/proxy_connect.c,apache_1.3.2/src/modules/proxy/proxy_connect.c,/usr/info/code/cpp/LogMonitor/LogMonitor/second/download/httpd/gumtree/httpd_old_hunk_150.cpp,/usr/info/code/cpp/LogMonitor/LogMonitor/second/download/httpd/gumtree/httpd_new_hunk_150.cpp,157,176,[6],[6]
patch-unified-1-2,apache_1.3.1/src/modules/proxy/proxy_ftp.c,apache_1.3.2/src/modules/proxy/proxy_ftp.c,/usr/info/code/cpp/LogMonitor/LogMonitor/second/download/httpd/gumtree/httpd_old_hunk_151.cpp,/usr/info/code/cpp/LogMonitor/LogMonitor/second/download/httpd/gumtree/httpd_new_hunk_151.cpp,260,262,"[61, 63, 75, 77, 82, 84]",[]
patch-unified-1-2,apache_1.3.1/src/modules/proxy/proxy_ftp.c,apache_1.3.2/src/modules/proxy/proxy_ftp.c,/usr/info/code/cpp/LogMonitor/LogMonitor/second/download/httpd/gumtree/httpd_old_hunk_152.cpp,/usr/info/code/cpp/LogMonitor/LogMonitor/second/download/httpd/gumtree/httpd_new_hunk_152.cpp,413,379,"[20, 22, 26, 28, 32, 34]",[42]
patch-unified-1-2,apache_1.3.1/src/modules/proxy/proxy_ftp.c,apache_1.3.2/src/modules/proxy/proxy_ftp.c,/usr/info/code/cpp/LogMonitor/LogMonitor/second/download/httpd/gumtree/httpd_old_hunk_153.cpp,/usr/info/code/cpp/LogMonitor/LogMonitor/second/download/httpd/gumtree/httpd_new_hunk_153.cpp,567,548,"[6, 15, 23]","[6, 15, 22]"
patch-unified-1-2,apache_1.3.1/src/modules/proxy/proxy_ftp.c,apache_1.3.2/src/modules/proxy/proxy_ftp.c,/usr/info/code/cpp/LogMonitor/LogMonitor/second/download/httpd/gumtree/httpd_old_hunk_154.cpp,/usr/info/code/cpp/LogMonitor/LogMonitor/second/download/httpd/gumtree/httpd_new_hunk_154.cpp,628,608,"[7, 21, 23, 47, 49, 84, 86]",[10]
patch-unified-1-2,apache_1.3.1/src/modules/proxy/proxy_ftp.c,apache_1.3.2/src/modules/proxy/proxy_ftp.c,/usr/info/code/cpp/LogMonitor/LogMonitor/second/download/httpd/gumtree/httpd_old_hunk_155.cpp,/usr/info/code/cpp/LogMonitor/LogMonitor/second/download/httpd/gumtree/httpd_new_hunk_155.cpp,750,768,[2],[2]
patch-unified-1-2,apache_1.3.1/src/modules/proxy/proxy_ftp.c,apache_1.3.2/src/modules/proxy/proxy_ftp.c,/usr/info/code/cpp/LogMonitor/LogMonitor/second/download/httpd/gumtree/httpd_old_hunk_156.cpp,/usr/info/code/cpp/LogMonitor/LogMonitor/second/download/httpd/gumtree/httpd_new_hunk_156.cpp,768,792,"[6, 16, 21, 28]","[6, 16, 21, 33]"
patch-unified-1-2,apache_1.3.1/src/modules/proxy/proxy_ftp.c,apache_1.3.2/src/modules/proxy/proxy_ftp.c,/usr/info/code/cpp/LogMonitor/LogMonitor/second/download/httpd/gumtree/httpd_old_hunk_157.cpp,/usr/info/code/cpp/LogMonitor/LogMonitor/second/download/httpd/gumtree/httpd_new_hunk_157.cpp,845,874,"[6, 15, 25]","[6, 15, 25]"
patch-unified-1-2,apache_1.3.1/src/modules/proxy/proxy_ftp.c,apache_1.3.2/src/modules/proxy/proxy_ftp.c,/usr/info/code/cpp/LogMonitor/LogMonitor/second/download/httpd/gumtree/httpd_old_hunk_158.cpp,/usr/info/code/cpp/LogMonitor/LogMonitor/second/download/httpd/gumtree/httpd_new_hunk_158.cpp,878,907,"[6, 24, 26, 35, 37]",[6]
patch-unified-1-2,apache_1.3.1/src/modules/proxy/proxy_ftp.c,apache_1.3.2/src/modules/proxy/proxy_ftp.c,/usr/info/code/cpp/LogMonitor/LogMonitor/second/download/httpd/gumtree/httpd_old_hunk_159.cpp,/usr/info/code/cpp/LogMonitor/LogMonitor/second/download/httpd/gumtree/httpd_new_hunk_159.cpp,930,963,"[17, 19, 23, 27, 40, 42, 60]","[46, 132]"
patch-unified-1-2,apache_1.3.1/src/modules/proxy/proxy_ftp.c,apache_1.3.2/src/modules/proxy/proxy_ftp.c,/usr/info/code/cpp/LogMonitor/LogMonitor/second/download/httpd/gumtree/httpd_old_hunk_160.cpp,/usr/info/code/cpp/LogMonitor/LogMonitor/second/download/httpd/gumtree/httpd_new_hunk_160.cpp,1034,1139,"[11, 17]","[7, 13]"
patch-unified-1-2,apache_1.3.1/src/modules/proxy/proxy_ftp.c,apache_1.3.2/src/modules/proxy/proxy_ftp.c,/usr/info/code/cpp/LogMonitor/LogMonitor/second/download/httpd/gumtree/httpd_old_hunk_161.cpp,/usr/info/code/cpp/LogMonitor/LogMonitor/second/download/httpd/gumtree/httpd_new_hunk_161.cpp,1072,1174,"[1, 5, 19, 27, 29, 50, 64]","[1, 5, 16, 17, 41, 61]"
patch-unified-1-2,apache_1.3.1/src/modules/proxy/proxy_http.c,apache_1.3.2/src/modules/proxy/proxy_http.c,/usr/info/code/cpp/LogMonitor/LogMonitor/second/download/httpd/gumtree/httpd_old_hunk_162.cpp,/usr/info/code/cpp/LogMonitor/LogMonitor/second/download/httpd/gumtree/httpd_new_hunk_162.cpp,245,248,"[6, 15]","[6, 15]"
patch-unified-1-2,apache_1.3.1/src/modules/proxy/proxy_http.c,apache_1.3.2/src/modules/proxy/proxy_http.c,/usr/info/code/cpp/LogMonitor/LogMonitor/second/download/httpd/gumtree/httpd_old_hunk_163.cpp,/usr/info/code/cpp/LogMonitor/LogMonitor/second/download/httpd/gumtree/httpd_new_hunk_163.cpp,298,301,"[3, 10, 23, 33]","[3, 52, 62, 68]"
patch-unified-1-2,apache_1.3.1/src/modules/proxy/proxy_http.c,apache_1.3.2/src/modules/proxy/proxy_http.c,/usr/info/code/cpp/LogMonitor/LogMonitor/second/download/httpd/gumtree/httpd_old_hunk_164.cpp,/usr/info/code/cpp/LogMonitor/LogMonitor/second/download/httpd/gumtree/httpd_new_hunk_164.cpp,354,395,[],[8]
patch-unified-1-2,apache_1.3.1/src/modules/proxy/proxy_http.c,apache_1.3.2/src/modules/proxy/proxy_http.c,/usr/info/code/cpp/LogMonitor/LogMonitor/second/download/httpd/gumtree/httpd_old_hunk_165.cpp,/usr/info/code/cpp/LogMonitor/LogMonitor/second/download/httpd/gumtree/httpd_new_hunk_165.cpp,404,469,"[8, 12, 23, 33, 35]","[6, 10, 21, 22]"
patch-unified-1-2,apache_1.3.1/src/modules/proxy/proxy_util.c,apache_1.3.2/src/modules/proxy/proxy_util.c,/usr/info/code/cpp/LogMonitor/LogMonitor/second/download/httpd/gumtree/httpd_old_hunk_166.cpp,/usr/info/code/cpp/LogMonitor/LogMonitor/second/download/httpd/gumtree/httpd_new_hunk_166.cpp,356,357,[],[99]
patch-unified-1-2,apache_1.3.1/src/modules/proxy/proxy_util.c,apache_1.3.2/src/modules/proxy/proxy_util.c,/usr/info/code/cpp/LogMonitor/LogMonitor/second/download/httpd/gumtree/httpd_old_hunk_167.cpp,/usr/info/code/cpp/LogMonitor/LogMonitor/second/download/httpd/gumtree/httpd_new_hunk_167.cpp,489,534,"[1, 8, 37]","[1, 8, 40]"
patch-unified-1-2,apache_1.3.1/src/modules/proxy/proxy_util.c,apache_1.3.2/src/modules/proxy/proxy_util.c,/usr/info/code/cpp/LogMonitor/LogMonitor/second/download/httpd/gumtree/httpd_old_hunk_168.cpp,/usr/info/code/cpp/LogMonitor/LogMonitor/second/download/httpd/gumtree/httpd_new_hunk_168.cpp,562,610,"[76, 77, 85]","[18, 19, 30]"
patch-unified-1-2,apache_1.3.1/src/modules/proxy/proxy_util.c,apache_1.3.2/src/modules/proxy/proxy_util.c,/usr/info/code/cpp/LogMonitor/LogMonitor/second/download/httpd/gumtree/httpd_old_hunk_169.cpp,/usr/info/code/cpp/LogMonitor/LogMonitor/second/download/httpd/gumtree/httpd_new_hunk_169.cpp,824,817,[9],[9]
patch-unified-1-2,apache_1.3.1/src/modules/proxy/proxy_util.c,apache_1.3.2/src/modules/proxy/proxy_util.c,/usr/info/code/cpp/LogMonitor/LogMonitor/second/download/httpd/gumtree/httpd_old_hunk_170.cpp,/usr/info/code/cpp/LogMonitor/LogMonitor/second/download/httpd/gumtree/httpd_new_hunk_170.cpp,905,898,[6],[6]
patch-unified-1-2,apache_1.3.1/src/modules/proxy/proxy_util.c,apache_1.3.2/src/modules/proxy/proxy_util.c,/usr/info/code/cpp/LogMonitor/LogMonitor/second/download/httpd/gumtree/httpd_old_hunk_171.cpp,/usr/info/code/cpp/LogMonitor/LogMonitor/second/download/httpd/gumtree/httpd_new_hunk_171.cpp,1240,1233,[6],"[6, 25, 35, 37]"
patch-unified-1-2,apache_1.3.1/src/modules/standard/mod_access.c,apache_1.3.2/src/modules/standard/mod_access.c,/usr/info/code/cpp/LogMonitor/LogMonitor/second/download/httpd/gumtree/httpd_old_hunk_172.cpp,/usr/info/code/cpp/LogMonitor/LogMonitor/second/download/httpd/gumtree/httpd_new_hunk_172.cpp,373,373,[6],[6]
patch-unified-1-2,apache_1.3.1/src/modules/standard/mod_actions.c,apache_1.3.2/src/modules/standard/mod_actions.c,/usr/info/code/cpp/LogMonitor/LogMonitor/second/download/httpd/gumtree/httpd_old_hunk_173.cpp,/usr/info/code/cpp/LogMonitor/LogMonitor/second/download/httpd/gumtree/httpd_new_hunk_173.cpp,188,188,[6],[6]
patch-unified-1-2,apache_1.3.1/src/modules/standard/mod_asis.c,apache_1.3.2/src/modules/standard/mod_asis.c,/usr/info/code/cpp/LogMonitor/LogMonitor/second/download/httpd/gumtree/httpd_old_hunk_174.cpp,/usr/info/code/cpp/LogMonitor/LogMonitor/second/download/httpd/gumtree/httpd_new_hunk_174.cpp,69,69,"[6, 14]","[6, 14]"
patch-unified-1-2,apache_1.3.1/src/modules/standard/mod_auth_anon.c,apache_1.3.2/src/modules/standard/mod_auth_anon.c,/usr/info/code/cpp/LogMonitor/LogMonitor/second/download/httpd/gumtree/httpd_old_hunk_175.cpp,/usr/info/code/cpp/LogMonitor/LogMonitor/second/download/httpd/gumtree/httpd_new_hunk_175.cpp,249,249,"[6, 14]","[6, 14]"
patch-unified-1-2,apache_1.3.1/src/modules/standard/mod_auth.c,apache_1.3.2/src/modules/standard/mod_auth.c,/usr/info/code/cpp/LogMonitor/LogMonitor/second/download/httpd/gumtree/httpd_old_hunk_176.cpp,/usr/info/code/cpp/LogMonitor/LogMonitor/second/download/httpd/gumtree/httpd_new_hunk_176.cpp,123,123,[6],[6]
patch-unified-1-2,apache_1.3.1/src/modules/standard/mod_auth.c,apache_1.3.2/src/modules/standard/mod_auth.c,/usr/info/code/cpp/LogMonitor/LogMonitor/second/download/httpd/gumtree/httpd_old_hunk_177.cpp,/usr/info/code/cpp/LogMonitor/LogMonitor/second/download/httpd/gumtree/httpd_new_hunk_177.cpp,211,211,"[6, 13]","[6, 13]"
patch-unified-1-2,apache_1.3.1/src/modules/standard/mod_auth.c,apache_1.3.2/src/modules/standard/mod_auth.c,/usr/info/code/cpp/LogMonitor/LogMonitor/second/download/httpd/gumtree/httpd_old_hunk_178.cpp,/usr/info/code/cpp/LogMonitor/LogMonitor/second/download/httpd/gumtree/httpd_new_hunk_178.cpp,289,289,[6],[6]
patch-unified-1-2,apache_1.3.1/src/modules/standard/mod_auth_db.c,apache_1.3.2/src/modules/standard/mod_auth_db.c,/usr/info/code/cpp/LogMonitor/LogMonitor/second/download/httpd/gumtree/httpd_old_hunk_179.cpp,/usr/info/code/cpp/LogMonitor/LogMonitor/second/download/httpd/gumtree/httpd_new_hunk_179.cpp,151,155,[7],[11]
patch-unified-1-2,apache_1.3.1/src/modules/standard/mod_auth_db.c,apache_1.3.2/src/modules/standard/mod_auth_db.c,/usr/info/code/cpp/LogMonitor/LogMonitor/second/download/httpd/gumtree/httpd_old_hunk_180.cpp,/usr/info/code/cpp/LogMonitor/LogMonitor/second/download/httpd/gumtree/httpd_new_hunk_180.cpp,215,231,"[6, 17]","[6, 17]"
patch-unified-1-2,apache_1.3.1/src/modules/standard/mod_auth_db.c,apache_1.3.2/src/modules/standard/mod_auth_db.c,/usr/info/code/cpp/LogMonitor/LogMonitor/second/download/httpd/gumtree/httpd_old_hunk_181.cpp,/usr/info/code/cpp/LogMonitor/LogMonitor/second/download/httpd/gumtree/httpd_new_hunk_181.cpp,271,287,[6],[6]
patch-unified-1-2,apache_1.3.1/src/modules/standard/mod_auth_db.c,apache_1.3.2/src/modules/standard/mod_auth_db.c,/usr/info/code/cpp/LogMonitor/LogMonitor/second/download/httpd/gumtree/httpd_old_hunk_182.cpp,/usr/info/code/cpp/LogMonitor/LogMonitor/second/download/httpd/gumtree/httpd_new_hunk_182.cpp,287,303,[6],[6]
patch-unified-1-2,apache_1.3.1/src/modules/standard/mod_auth_dbm.c,apache_1.3.2/src/modules/standard/mod_auth_dbm.c,/usr/info/code/cpp/LogMonitor/LogMonitor/second/download/httpd/gumtree/httpd_old_hunk_183.cpp,/usr/info/code/cpp/LogMonitor/LogMonitor/second/download/httpd/gumtree/httpd_new_hunk_183.cpp,151,151,[6],[6]
patch-unified-1-2,apache_1.3.1/src/modules/standard/mod_auth_dbm.c,apache_1.3.2/src/modules/standard/mod_auth_dbm.c,/usr/info/code/cpp/LogMonitor/LogMonitor/second/download/httpd/gumtree/httpd_old_hunk_184.cpp,/usr/info/code/cpp/LogMonitor/LogMonitor/second/download/httpd/gumtree/httpd_new_hunk_184.cpp,216,216,"[6, 17]","[6, 17]"
patch-unified-1-2,apache_1.3.1/src/modules/standard/mod_auth_dbm.c,apache_1.3.2/src/modules/standard/mod_auth_dbm.c,/usr/info/code/cpp/LogMonitor/LogMonitor/second/download/httpd/gumtree/httpd_old_hunk_185.cpp,/usr/info/code/cpp/LogMonitor/LogMonitor/second/download/httpd/gumtree/httpd_new_hunk_185.cpp,272,272,[6],[6]
patch-unified-1-2,apache_1.3.1/src/modules/standard/mod_auth_dbm.c,apache_1.3.2/src/modules/standard/mod_auth_dbm.c,/usr/info/code/cpp/LogMonitor/LogMonitor/second/download/httpd/gumtree/httpd_old_hunk_186.cpp,/usr/info/code/cpp/LogMonitor/LogMonitor/second/download/httpd/gumtree/httpd_new_hunk_186.cpp,288,288,[6],[6]
patch-unified-1-2,apache_1.3.1/src/modules/standard/mod_autoindex.c,apache_1.3.2/src/modules/standard/mod_autoindex.c,/usr/info/code/cpp/LogMonitor/LogMonitor/second/download/httpd/gumtree/httpd_old_hunk_187.cpp,/usr/info/code/cpp/LogMonitor/LogMonitor/second/download/httpd/gumtree/httpd_new_hunk_187.cpp,858,861,"[2, 20, 22]","[2, 72, 74]"
patch-unified-1-2,apache_1.3.1/src/modules/standard/mod_autoindex.c,apache_1.3.2/src/modules/standard/mod_autoindex.c,/usr/info/code/cpp/LogMonitor/LogMonitor/second/download/httpd/gumtree/httpd_old_hunk_188.cpp,/usr/info/code/cpp/LogMonitor/LogMonitor/second/download/httpd/gumtree/httpd_new_hunk_188.cpp,887,942,"[4, 7, 11]","[4, 12, 17, 21]"
patch-unified-1-2,apache_1.3.1/src/modules/standard/mod_autoindex.c,apache_1.3.2/src/modules/standard/mod_autoindex.c,/usr/info/code/cpp/LogMonitor/LogMonitor/second/download/httpd/gumtree/httpd_old_hunk_189.cpp,/usr/info/code/cpp/LogMonitor/LogMonitor/second/download/httpd/gumtree/httpd_new_hunk_189.cpp,909,974,"[2, 49, 52]","[2, 32, 35]"
patch-unified-1-2,apache_1.3.1/src/modules/standard/mod_autoindex.c,apache_1.3.2/src/modules/standard/mod_autoindex.c,/usr/info/code/cpp/LogMonitor/LogMonitor/second/download/httpd/gumtree/httpd_old_hunk_190.cpp,/usr/info/code/cpp/LogMonitor/LogMonitor/second/download/httpd/gumtree/httpd_new_hunk_190.cpp,971,1019,"[0, 3, 6, 12]","[0, 3, 6, 16, 21, 27]"
patch-unified-1-2,apache_1.3.1/src/modules/standard/mod_autoindex.c,apache_1.3.2/src/modules/standard/mod_autoindex.c,/usr/info/code/cpp/LogMonitor/LogMonitor/second/download/httpd/gumtree/httpd_old_hunk_191.cpp,/usr/info/code/cpp/LogMonitor/LogMonitor/second/download/httpd/gumtree/httpd_new_hunk_191.cpp,995,1058,"[0, 6, 11]","[0, 6, 12]"
patch-unified-1-2,apache_1.3.1/src/modules/standard/mod_autoindex.c,apache_1.3.2/src/modules/standard/mod_autoindex.c,/usr/info/code/cpp/LogMonitor/LogMonitor/second/download/httpd/gumtree/httpd_old_hunk_192.cpp,/usr/info/code/cpp/LogMonitor/LogMonitor/second/download/httpd/gumtree/httpd_new_hunk_192.cpp,1068,1132,[24],[25]
patch-unified-1-2,apache_1.3.1/src/modules/standard/mod_autoindex.c,apache_1.3.2/src/modules/standard/mod_autoindex.c,/usr/info/code/cpp/LogMonitor/LogMonitor/second/download/httpd/gumtree/httpd_old_hunk_193.cpp,/usr/info/code/cpp/LogMonitor/LogMonitor/second/download/httpd/gumtree/httpd_new_hunk_193.cpp,1220,1285,[6],[6]
patch-unified-1-2,apache_1.3.1/src/modules/standard/mod_cern_meta.c,apache_1.3.2/src/modules/standard/mod_cern_meta.c,/usr/info/code/cpp/LogMonitor/LogMonitor/second/download/httpd/gumtree/httpd_old_hunk_194.cpp,/usr/info/code/cpp/LogMonitor/LogMonitor/second/download/httpd/gumtree/httpd_new_hunk_194.cpp,248,253,[6],[6]
patch-unified-1-2,apache_1.3.1/src/modules/standard/mod_cern_meta.c,apache_1.3.2/src/modules/standard/mod_cern_meta.c,/usr/info/code/cpp/LogMonitor/LogMonitor/second/download/httpd/gumtree/httpd_old_hunk_195.cpp,/usr/info/code/cpp/LogMonitor/LogMonitor/second/download/httpd/gumtree/httpd_new_hunk_195.cpp,321,327,[6],[6]
patch-unified-1-2,apache_1.3.1/src/modules/standard/mod_cern_meta.c,apache_1.3.2/src/modules/standard/mod_cern_meta.c,/usr/info/code/cpp/LogMonitor/LogMonitor/second/download/httpd/gumtree/httpd_old_hunk_196.cpp,/usr/info/code/cpp/LogMonitor/LogMonitor/second/download/httpd/gumtree/httpd_new_hunk_196.cpp,350,356,[6],[6]
patch-unified-1-2,apache_1.3.1/src/modules/standard/mod_cgi.c,apache_1.3.2/src/modules/standard/mod_cgi.c,/usr/info/code/cpp/LogMonitor/LogMonitor/second/download/httpd/gumtree/httpd_old_hunk_197.cpp,/usr/info/code/cpp/LogMonitor/LogMonitor/second/download/httpd/gumtree/httpd_new_hunk_197.cpp,166,166,"[0, 6]","[0, 6]"
patch-unified-1-2,apache_1.3.1/src/modules/standard/mod_cgi.c,apache_1.3.2/src/modules/standard/mod_cgi.c,/usr/info/code/cpp/LogMonitor/LogMonitor/second/download/httpd/gumtree/httpd_old_hunk_198.cpp,/usr/info/code/cpp/LogMonitor/LogMonitor/second/download/httpd/gumtree/httpd_new_hunk_198.cpp,379,379,"[0, 3]","[0, 3]"
patch-unified-1-2,apache_1.3.1/src/modules/standard/mod_cgi.c,apache_1.3.2/src/modules/standard/mod_cgi.c,/usr/info/code/cpp/LogMonitor/LogMonitor/second/download/httpd/gumtree/httpd_old_hunk_199.cpp,/usr/info/code/cpp/LogMonitor/LogMonitor/second/download/httpd/gumtree/httpd_new_hunk_199.cpp,428,428,[6],[6]
patch-unified-1-2,apache_1.3.1/src/modules/standard/mod_digest.c,apache_1.3.2/src/modules/standard/mod_digest.c,/usr/info/code/cpp/LogMonitor/LogMonitor/second/download/httpd/gumtree/httpd_old_hunk_200.cpp,/usr/info/code/cpp/LogMonitor/LogMonitor/second/download/httpd/gumtree/httpd_new_hunk_200.cpp,109,109,[6],[6]
patch-unified-1-2,apache_1.3.1/src/modules/standard/mod_digest.c,apache_1.3.2/src/modules/standard/mod_digest.c,/usr/info/code/cpp/LogMonitor/LogMonitor/second/download/httpd/gumtree/httpd_old_hunk_201.cpp,/usr/info/code/cpp/LogMonitor/LogMonitor/second/download/httpd/gumtree/httpd_new_hunk_201.cpp,140,140,"[11, 23]","[12, 24]"
patch-unified-1-2,apache_1.3.1/src/modules/standard/mod_digest.c,apache_1.3.2/src/modules/standard/mod_digest.c,/usr/info/code/cpp/LogMonitor/LogMonitor/second/download/httpd/gumtree/httpd_old_hunk_202.cpp,/usr/info/code/cpp/LogMonitor/LogMonitor/second/download/httpd/gumtree/httpd_new_hunk_202.cpp,294,296,"[6, 12]","[6, 12]"
patch-unified-1-2,apache_1.3.1/src/modules/standard/mod_expires.c,apache_1.3.2/src/modules/standard/mod_expires.c,/usr/info/code/cpp/LogMonitor/LogMonitor/second/download/httpd/gumtree/httpd_old_hunk_203.cpp,/usr/info/code/cpp/LogMonitor/LogMonitor/second/download/httpd/gumtree/httpd_new_hunk_203.cpp,404,404,[17],[14]
patch-unified-1-2,apache_1.3.1/src/modules/standard/mod_expires.c,apache_1.3.2/src/modules/standard/mod_expires.c,/usr/info/code/cpp/LogMonitor/LogMonitor/second/download/httpd/gumtree/httpd_old_hunk_204.cpp,/usr/info/code/cpp/LogMonitor/LogMonitor/second/download/httpd/gumtree/httpd_new_hunk_204.cpp,465,468,[6],[6]
patch-unified-1-2,apache_1.3.1/src/modules/standard/mod_imap.c,apache_1.3.2/src/modules/standard/mod_imap.c,/usr/info/code/cpp/LogMonitor/LogMonitor/second/download/httpd/gumtree/httpd_old_hunk_205.cpp,/usr/info/code/cpp/LogMonitor/LogMonitor/second/download/httpd/gumtree/httpd_new_hunk_205.cpp,403,403,[6],[6]
patch-unified-1-2,apache_1.3.1/src/modules/standard/mod_imap.c,apache_1.3.2/src/modules/standard/mod_imap.c,/usr/info/code/cpp/LogMonitor/LogMonitor/second/download/httpd/gumtree/httpd_old_hunk_206.cpp,/usr/info/code/cpp/LogMonitor/LogMonitor/second/download/httpd/gumtree/httpd_new_hunk_206.cpp,463,463,[6],[6]
patch-unified-1-2,apache_1.3.1/src/modules/standard/mod_imap.c,apache_1.3.2/src/modules/standard/mod_imap.c,/usr/info/code/cpp/LogMonitor/LogMonitor/second/download/httpd/gumtree/httpd_old_hunk_207.cpp,/usr/info/code/cpp/LogMonitor/LogMonitor/second/download/httpd/gumtree/httpd_new_hunk_207.cpp,864,864,[6],[6]
patch-unified-1-2,apache_1.3.1/src/modules/standard/mod_include.c,apache_1.3.2/src/modules/standard/mod_include.c,/usr/info/code/cpp/LogMonitor/LogMonitor/second/download/httpd/gumtree/httpd_old_hunk_208.cpp,/usr/info/code/cpp/LogMonitor/LogMonitor/second/download/httpd/gumtree/httpd_new_hunk_208.cpp,510,511,[6],[6]
patch-unified-1-2,apache_1.3.1/src/modules/standard/mod_include.c,apache_1.3.2/src/modules/standard/mod_include.c,/usr/info/code/cpp/LogMonitor/LogMonitor/second/download/httpd/gumtree/httpd_old_hunk_209.cpp,/usr/info/code/cpp/LogMonitor/LogMonitor/second/download/httpd/gumtree/httpd_new_hunk_209.cpp,603,604,[9],[9]
patch-unified-1-2,apache_1.3.1/src/modules/standard/mod_include.c,apache_1.3.2/src/modules/standard/mod_include.c,/usr/info/code/cpp/LogMonitor/LogMonitor/second/download/httpd/gumtree/httpd_old_hunk_210.cpp,/usr/info/code/cpp/LogMonitor/LogMonitor/second/download/httpd/gumtree/httpd_new_hunk_210.cpp,708,709,"[6, 8]","[6, 8]"
patch-unified-1-2,apache_1.3.1/src/modules/standard/mod_include.c,apache_1.3.2/src/modules/standard/mod_include.c,/usr/info/code/cpp/LogMonitor/LogMonitor/second/download/httpd/gumtree/httpd_old_hunk_211.cpp,/usr/info/code/cpp/LogMonitor/LogMonitor/second/download/httpd/gumtree/httpd_new_hunk_211.cpp,724,725,"[6, 9]","[6, 9]"
patch-unified-1-2,apache_1.3.1/src/modules/standard/mod_include.c,apache_1.3.2/src/modules/standard/mod_include.c,/usr/info/code/cpp/LogMonitor/LogMonitor/second/download/httpd/gumtree/httpd_old_hunk_212.cpp,/usr/info/code/cpp/LogMonitor/LogMonitor/second/download/httpd/gumtree/httpd_new_hunk_212.cpp,744,745,[17],[18]
patch-unified-1-2,apache_1.3.1/src/modules/standard/mod_include.c,apache_1.3.2/src/modules/standard/mod_include.c,/usr/info/code/cpp/LogMonitor/LogMonitor/second/download/httpd/gumtree/httpd_old_hunk_213.cpp,/usr/info/code/cpp/LogMonitor/LogMonitor/second/download/httpd/gumtree/httpd_new_hunk_213.cpp,820,821,[6],[6]
patch-unified-1-2,apache_1.3.1/src/modules/standard/mod_include.c,apache_1.3.2/src/modules/standard/mod_include.c,/usr/info/code/cpp/LogMonitor/LogMonitor/second/download/httpd/gumtree/httpd_old_hunk_214.cpp,/usr/info/code/cpp/LogMonitor/LogMonitor/second/download/httpd/gumtree/httpd_new_hunk_214.cpp,844,845,"[6, 10]","[6, 10]"
patch-unified-1-2,apache_1.3.1/src/modules/standard/mod_include.c,apache_1.3.2/src/modules/standard/mod_include.c,/usr/info/code/cpp/LogMonitor/LogMonitor/second/download/httpd/gumtree/httpd_old_hunk_215.cpp,/usr/info/code/cpp/LogMonitor/LogMonitor/second/download/httpd/gumtree/httpd_new_hunk_215.cpp,858,859,"[6, 8, 19, 22]","[6, 8, 19, 22]"
patch-unified-1-2,apache_1.3.1/src/modules/standard/mod_include.c,apache_1.3.2/src/modules/standard/mod_include.c,/usr/info/code/cpp/LogMonitor/LogMonitor/second/download/httpd/gumtree/httpd_old_hunk_216.cpp,/usr/info/code/cpp/LogMonitor/LogMonitor/second/download/httpd/gumtree/httpd_new_hunk_216.cpp,903,904,"[6, 9]","[6, 9]"
patch-unified-1-2,apache_1.3.1/src/modules/standard/mod_include.c,apache_1.3.2/src/modules/standard/mod_include.c,/usr/info/code/cpp/LogMonitor/LogMonitor/second/download/httpd/gumtree/httpd_old_hunk_217.cpp,/usr/info/code/cpp/LogMonitor/LogMonitor/second/download/httpd/gumtree/httpd_new_hunk_217.cpp,921,922,[6],[6]
patch-unified-1-2,apache_1.3.1/src/modules/standard/mod_include.c,apache_1.3.2/src/modules/standard/mod_include.c,/usr/info/code/cpp/LogMonitor/LogMonitor/second/download/httpd/gumtree/httpd_old_hunk_218.cpp,/usr/info/code/cpp/LogMonitor/LogMonitor/second/download/httpd/gumtree/httpd_new_hunk_218.cpp,988,989,"[6, 9, 24, 28, 43, 47, 53, 56]","[6, 9, 30, 34, 39, 43, 60, 64, 70, 73]"
patch-unified-1-2,apache_1.3.1/src/modules/standard/mod_include.c,apache_1.3.2/src/modules/standard/mod_include.c,/usr/info/code/cpp/LogMonitor/LogMonitor/second/download/httpd/gumtree/httpd_old_hunk_219.cpp,/usr/info/code/cpp/LogMonitor/LogMonitor/second/download/httpd/gumtree/httpd_new_hunk_219.cpp,1115,1133,[6],[6]
patch-unified-1-2,apache_1.3.1/src/modules/standard/mod_include.c,apache_1.3.2/src/modules/standard/mod_include.c,/usr/info/code/cpp/LogMonitor/LogMonitor/second/download/httpd/gumtree/httpd_old_hunk_220.cpp,/usr/info/code/cpp/LogMonitor/LogMonitor/second/download/httpd/gumtree/httpd_new_hunk_220.cpp,1360,1378,"[6, 9]","[6, 9]"
patch-unified-1-2,apache_1.3.1/src/modules/standard/mod_include.c,apache_1.3.2/src/modules/standard/mod_include.c,/usr/info/code/cpp/LogMonitor/LogMonitor/second/download/httpd/gumtree/httpd_old_hunk_221.cpp,/usr/info/code/cpp/LogMonitor/LogMonitor/second/download/httpd/gumtree/httpd_new_hunk_221.cpp,1374,1392,"[3, 6, 9]","[3, 6, 9]"
patch-unified-1-2,apache_1.3.1/src/modules/standard/mod_include.c,apache_1.3.2/src/modules/standard/mod_include.c,/usr/info/code/cpp/LogMonitor/LogMonitor/second/download/httpd/gumtree/httpd_old_hunk_222.cpp,/usr/info/code/cpp/LogMonitor/LogMonitor/second/download/httpd/gumtree/httpd_new_hunk_222.cpp,1399,1417,"[6, 9]","[6, 9]"
patch-unified-1-2,apache_1.3.1/src/modules/standard/mod_include.c,apache_1.3.2/src/modules/standard/mod_include.c,/usr/info/code/cpp/LogMonitor/LogMonitor/second/download/httpd/gumtree/httpd_old_hunk_223.cpp,/usr/info/code/cpp/LogMonitor/LogMonitor/second/download/httpd/gumtree/httpd_new_hunk_223.cpp,1444,1462,"[6, 9]","[6, 9]"
patch-unified-1-2,apache_1.3.1/src/modules/standard/mod_include.c,apache_1.3.2/src/modules/standard/mod_include.c,/usr/info/code/cpp/LogMonitor/LogMonitor/second/download/httpd/gumtree/httpd_old_hunk_224.cpp,/usr/info/code/cpp/LogMonitor/LogMonitor/second/download/httpd/gumtree/httpd_new_hunk_224.cpp,1476,1494,"[3, 6, 9]","[3, 6, 9]"
patch-unified-1-2,apache_1.3.1/src/modules/standard/mod_include.c,apache_1.3.2/src/modules/standard/mod_include.c,/usr/info/code/cpp/LogMonitor/LogMonitor/second/download/httpd/gumtree/httpd_old_hunk_225.cpp,/usr/info/code/cpp/LogMonitor/LogMonitor/second/download/httpd/gumtree/httpd_new_hunk_225.cpp,1501,1519,"[6, 9]","[6, 9]"
patch-unified-1-2,apache_1.3.1/src/modules/standard/mod_include.c,apache_1.3.2/src/modules/standard/mod_include.c,/usr/info/code/cpp/LogMonitor/LogMonitor/second/download/httpd/gumtree/httpd_old_hunk_226.cpp,/usr/info/code/cpp/LogMonitor/LogMonitor/second/download/httpd/gumtree/httpd_new_hunk_226.cpp,1535,1553,"[6, 9]","[6, 9]"
patch-unified-1-2,apache_1.3.1/src/modules/standard/mod_include.c,apache_1.3.2/src/modules/standard/mod_include.c,/usr/info/code/cpp/LogMonitor/LogMonitor/second/download/httpd/gumtree/httpd_old_hunk_227.cpp,/usr/info/code/cpp/LogMonitor/LogMonitor/second/download/httpd/gumtree/httpd_new_hunk_227.cpp,1568,1586,"[6, 9]","[6, 9]"
patch-unified-1-2,apache_1.3.1/src/modules/standard/mod_include.c,apache_1.3.2/src/modules/standard/mod_include.c,/usr/info/code/cpp/LogMonitor/LogMonitor/second/download/httpd/gumtree/httpd_old_hunk_228.cpp,/usr/info/code/cpp/LogMonitor/LogMonitor/second/download/httpd/gumtree/httpd_new_hunk_228.cpp,1616,1634,"[2, 6, 9]","[2, 6, 9]"
patch-unified-1-2,apache_1.3.1/src/modules/standard/mod_include.c,apache_1.3.2/src/modules/standard/mod_include.c,/usr/info/code/cpp/LogMonitor/LogMonitor/second/download/httpd/gumtree/httpd_old_hunk_229.cpp,/usr/info/code/cpp/LogMonitor/LogMonitor/second/download/httpd/gumtree/httpd_new_hunk_229.cpp,1681,1699,"[0, 6, 9]","[0, 6, 9]"
patch-unified-1-2,apache_1.3.1/src/modules/standard/mod_include.c,apache_1.3.2/src/modules/standard/mod_include.c,/usr/info/code/cpp/LogMonitor/LogMonitor/second/download/httpd/gumtree/httpd_old_hunk_230.cpp,/usr/info/code/cpp/LogMonitor/LogMonitor/second/download/httpd/gumtree/httpd_new_hunk_230.cpp,1702,1720,"[6, 9]","[6, 9]"
patch-unified-1-2,apache_1.3.1/src/modules/standard/mod_include.c,apache_1.3.2/src/modules/standard/mod_include.c,/usr/info/code/cpp/LogMonitor/LogMonitor/second/download/httpd/gumtree/httpd_old_hunk_231.cpp,/usr/info/code/cpp/LogMonitor/LogMonitor/second/download/httpd/gumtree/httpd_new_hunk_231.cpp,1746,1764,"[0, 6, 9]","[0, 6, 9]"
patch-unified-1-2,apache_1.3.1/src/modules/standard/mod_include.c,apache_1.3.2/src/modules/standard/mod_include.c,/usr/info/code/cpp/LogMonitor/LogMonitor/second/download/httpd/gumtree/httpd_old_hunk_232.cpp,/usr/info/code/cpp/LogMonitor/LogMonitor/second/download/httpd/gumtree/httpd_new_hunk_232.cpp,1829,1847,"[6, 9, 13, 16, 20, 22]","[6, 9, 13, 16, 20, 22]"
patch-unified-1-2,apache_1.3.1/src/modules/standard/mod_include.c,apache_1.3.2/src/modules/standard/mod_include.c,/usr/info/code/cpp/LogMonitor/LogMonitor/second/download/httpd/gumtree/httpd_old_hunk_233.cpp,/usr/info/code/cpp/LogMonitor/LogMonitor/second/download/httpd/gumtree/httpd_new_hunk_233.cpp,1871,1889,"[6, 9]","[6, 9]"
patch-unified-1-2,apache_1.3.1/src/modules/standard/mod_include.c,apache_1.3.2/src/modules/standard/mod_include.c,/usr/info/code/cpp/LogMonitor/LogMonitor/second/download/httpd/gumtree/httpd_old_hunk_234.cpp,/usr/info/code/cpp/LogMonitor/LogMonitor/second/download/httpd/gumtree/httpd_new_hunk_234.cpp,1891,1909,"[2, 6, 9]","[2, 6, 9]"
patch-unified-1-2,apache_1.3.1/src/modules/standard/mod_include.c,apache_1.3.2/src/modules/standard/mod_include.c,/usr/info/code/cpp/LogMonitor/LogMonitor/second/download/httpd/gumtree/httpd_old_hunk_235.cpp,/usr/info/code/cpp/LogMonitor/LogMonitor/second/download/httpd/gumtree/httpd_new_hunk_235.cpp,1922,1940,"[6, 9]","[6, 9]"
patch-unified-1-2,apache_1.3.1/src/modules/standard/mod_include.c,apache_1.3.2/src/modules/standard/mod_include.c,/usr/info/code/cpp/LogMonitor/LogMonitor/second/download/httpd/gumtree/httpd_old_hunk_236.cpp,/usr/info/code/cpp/LogMonitor/LogMonitor/second/download/httpd/gumtree/httpd_new_hunk_236.cpp,1942,1960,"[2, 6, 9]","[2, 6, 9]"
patch-unified-1-2,apache_1.3.1/src/modules/standard/mod_include.c,apache_1.3.2/src/modules/standard/mod_include.c,/usr/info/code/cpp/LogMonitor/LogMonitor/second/download/httpd/gumtree/httpd_old_hunk_237.cpp,/usr/info/code/cpp/LogMonitor/LogMonitor/second/download/httpd/gumtree/httpd_new_hunk_237.cpp,1968,1986,"[6, 10]","[6, 10]"
patch-unified-1-2,apache_1.3.1/src/modules/standard/mod_include.c,apache_1.3.2/src/modules/standard/mod_include.c,/usr/info/code/cpp/LogMonitor/LogMonitor/second/download/httpd/gumtree/httpd_old_hunk_238.cpp,/usr/info/code/cpp/LogMonitor/LogMonitor/second/download/httpd/gumtree/httpd_new_hunk_238.cpp,1996,2014,"[6, 9]","[6, 9]"
patch-unified-1-2,apache_1.3.1/src/modules/standard/mod_include.c,apache_1.3.2/src/modules/standard/mod_include.c,/usr/info/code/cpp/LogMonitor/LogMonitor/second/download/httpd/gumtree/httpd_old_hunk_239.cpp,/usr/info/code/cpp/LogMonitor/LogMonitor/second/download/httpd/gumtree/httpd_new_hunk_239.cpp,2024,2042,"[6, 9, 16, 18]","[6, 9, 16, 18]"
patch-unified-1-2,apache_1.3.1/src/modules/standard/mod_include.c,apache_1.3.2/src/modules/standard/mod_include.c,/usr/info/code/cpp/LogMonitor/LogMonitor/second/download/httpd/gumtree/httpd_old_hunk_240.cpp,/usr/info/code/cpp/LogMonitor/LogMonitor/second/download/httpd/gumtree/httpd_new_hunk_240.cpp,2060,2078,"[1, 6, 9]","[1, 6, 9]"
patch-unified-1-2,apache_1.3.1/src/modules/standard/mod_include.c,apache_1.3.2/src/modules/standard/mod_include.c,/usr/info/code/cpp/LogMonitor/LogMonitor/second/download/httpd/gumtree/httpd_old_hunk_241.cpp,/usr/info/code/cpp/LogMonitor/LogMonitor/second/download/httpd/gumtree/httpd_new_hunk_241.cpp,2107,2125,"[6, 9]","[6, 9]"
patch-unified-1-2,apache_1.3.1/src/modules/standard/mod_include.c,apache_1.3.2/src/modules/standard/mod_include.c,/usr/info/code/cpp/LogMonitor/LogMonitor/second/download/httpd/gumtree/httpd_old_hunk_242.cpp,/usr/info/code/cpp/LogMonitor/LogMonitor/second/download/httpd/gumtree/httpd_new_hunk_242.cpp,2153,2171,"[6, 10]","[6, 10]"
patch-unified-1-2,apache_1.3.1/src/modules/standard/mod_include.c,apache_1.3.2/src/modules/standard/mod_include.c,/usr/info/code/cpp/LogMonitor/LogMonitor/second/download/httpd/gumtree/httpd_old_hunk_243.cpp,/usr/info/code/cpp/LogMonitor/LogMonitor/second/download/httpd/gumtree/httpd_new_hunk_243.cpp,2192,2210,"[6, 11, 16]","[6, 11, 16]"
patch-unified-1-2,apache_1.3.1/src/modules/standard/mod_include.c,apache_1.3.2/src/modules/standard/mod_include.c,/usr/info/code/cpp/LogMonitor/LogMonitor/second/download/httpd/gumtree/httpd_old_hunk_244.cpp,/usr/info/code/cpp/LogMonitor/LogMonitor/second/download/httpd/gumtree/httpd_new_hunk_244.cpp,2274,2292,"[6, 15]","[6, 15]"
patch-unified-1-2,apache_1.3.1/src/modules/standard/mod_info.c,apache_1.3.2/src/modules/standard/mod_info.c,/usr/info/code/cpp/LogMonitor/LogMonitor/second/download/httpd/gumtree/httpd_old_hunk_245.cpp,/usr/info/code/cpp/LogMonitor/LogMonitor/second/download/httpd/gumtree/httpd_new_hunk_245.cpp,168,168,[6],[6]
patch-unified-1-2,apache_1.3.1/src/modules/standard/mod_mime_magic.c,apache_1.3.2/src/modules/standard/mod_mime_magic.c,/usr/info/code/cpp/LogMonitor/LogMonitor/second/download/httpd/gumtree/httpd_old_hunk_246.cpp,/usr/info/code/cpp/LogMonitor/LogMonitor/second/download/httpd/gumtree/httpd_new_hunk_246.cpp,572,572,[6],[6]
patch-unified-1-2,apache_1.3.1/src/modules/standard/mod_mime_magic.c,apache_1.3.2/src/modules/standard/mod_mime_magic.c,/usr/info/code/cpp/LogMonitor/LogMonitor/second/download/httpd/gumtree/httpd_old_hunk_247.cpp,/usr/info/code/cpp/LogMonitor/LogMonitor/second/download/httpd/gumtree/httpd_new_hunk_247.cpp,674,674,[6],[6]
patch-unified-1-2,apache_1.3.1/src/modules/standard/mod_mime_magic.c,apache_1.3.2/src/modules/standard/mod_mime_magic.c,/usr/info/code/cpp/LogMonitor/LogMonitor/second/download/httpd/gumtree/httpd_old_hunk_248.cpp,/usr/info/code/cpp/LogMonitor/LogMonitor/second/download/httpd/gumtree/httpd_new_hunk_248.cpp,746,746,[6],[6]
patch-unified-1-2,apache_1.3.1/src/modules/standard/mod_mime_magic.c,apache_1.3.2/src/modules/standard/mod_mime_magic.c,/usr/info/code/cpp/LogMonitor/LogMonitor/second/download/httpd/gumtree/httpd_old_hunk_249.cpp,/usr/info/code/cpp/LogMonitor/LogMonitor/second/download/httpd/gumtree/httpd_new_hunk_249.cpp,790,790,[6],[6]
patch-unified-1-2,apache_1.3.1/src/modules/standard/mod_mime_magic.c,apache_1.3.2/src/modules/standard/mod_mime_magic.c,/usr/info/code/cpp/LogMonitor/LogMonitor/second/download/httpd/gumtree/httpd_old_hunk_250.cpp,/usr/info/code/cpp/LogMonitor/LogMonitor/second/download/httpd/gumtree/httpd_new_hunk_250.cpp,865,865,"[6, 16]","[6, 16]"
patch-unified-1-2,apache_1.3.1/src/modules/standard/mod_mime_magic.c,apache_1.3.2/src/modules/standard/mod_mime_magic.c,/usr/info/code/cpp/LogMonitor/LogMonitor/second/download/httpd/gumtree/httpd_old_hunk_251.cpp,/usr/info/code/cpp/LogMonitor/LogMonitor/second/download/httpd/gumtree/httpd_new_hunk_251.cpp,1476,1476,[6],[6]
patch-unified-1-2,apache_1.3.1/src/modules/standard/mod_mime_magic.c,apache_1.3.2/src/modules/standard/mod_mime_magic.c,/usr/info/code/cpp/LogMonitor/LogMonitor/second/download/httpd/gumtree/httpd_old_hunk_252.cpp,/usr/info/code/cpp/LogMonitor/LogMonitor/second/download/httpd/gumtree/httpd_new_hunk_252.cpp,1490,1490,[6],[6]
patch-unified-1-2,apache_1.3.1/src/modules/standard/mod_mime_magic.c,apache_1.3.2/src/modules/standard/mod_mime_magic.c,/usr/info/code/cpp/LogMonitor/LogMonitor/second/download/httpd/gumtree/httpd_old_hunk_253.cpp,/usr/info/code/cpp/LogMonitor/LogMonitor/second/download/httpd/gumtree/httpd_new_hunk_253.cpp,1557,1557,[6],[6]
patch-unified-1-2,apache_1.3.1/src/modules/standard/mod_mime_magic.c,apache_1.3.2/src/modules/standard/mod_mime_magic.c,/usr/info/code/cpp/LogMonitor/LogMonitor/second/download/httpd/gumtree/httpd_old_hunk_254.cpp,/usr/info/code/cpp/LogMonitor/LogMonitor/second/download/httpd/gumtree/httpd_new_hunk_254.cpp,1572,1572,[6],[6]
patch-unified-1-2,apache_1.3.1/src/modules/standard/mod_mime_magic.c,apache_1.3.2/src/modules/standard/mod_mime_magic.c,/usr/info/code/cpp/LogMonitor/LogMonitor/second/download/httpd/gumtree/httpd_old_hunk_255.cpp,/usr/info/code/cpp/LogMonitor/LogMonitor/second/download/httpd/gumtree/httpd_new_hunk_255.cpp,1587,1587,[6],[6]
patch-unified-1-2,apache_1.3.1/src/modules/standard/mod_mime_magic.c,apache_1.3.2/src/modules/standard/mod_mime_magic.c,/usr/info/code/cpp/LogMonitor/LogMonitor/second/download/httpd/gumtree/httpd_old_hunk_256.cpp,/usr/info/code/cpp/LogMonitor/LogMonitor/second/download/httpd/gumtree/httpd_new_hunk_256.cpp,1607,1607,[6],[6]
patch-unified-1-2,apache_1.3.1/src/modules/standard/mod_mime_magic.c,apache_1.3.2/src/modules/standard/mod_mime_magic.c,/usr/info/code/cpp/LogMonitor/LogMonitor/second/download/httpd/gumtree/httpd_old_hunk_257.cpp,/usr/info/code/cpp/LogMonitor/LogMonitor/second/download/httpd/gumtree/httpd_new_hunk_257.cpp,1626,1626,[6],[6]
patch-unified-1-2,apache_1.3.1/src/modules/standard/mod_mime_magic.c,apache_1.3.2/src/modules/standard/mod_mime_magic.c,/usr/info/code/cpp/LogMonitor/LogMonitor/second/download/httpd/gumtree/httpd_old_hunk_258.cpp,/usr/info/code/cpp/LogMonitor/LogMonitor/second/download/httpd/gumtree/httpd_new_hunk_258.cpp,1650,1650,[6],[6]
patch-unified-1-2,apache_1.3.1/src/modules/standard/mod_mime_magic.c,apache_1.3.2/src/modules/standard/mod_mime_magic.c,/usr/info/code/cpp/LogMonitor/LogMonitor/second/download/httpd/gumtree/httpd_old_hunk_259.cpp,/usr/info/code/cpp/LogMonitor/LogMonitor/second/download/httpd/gumtree/httpd_new_hunk_259.cpp,1694,1694,"[6, 12]","[6, 12]"
patch-unified-1-2,apache_1.3.1/src/modules/standard/mod_mime_magic.c,apache_1.3.2/src/modules/standard/mod_mime_magic.c,/usr/info/code/cpp/LogMonitor/LogMonitor/second/download/httpd/gumtree/httpd_old_hunk_260.cpp,/usr/info/code/cpp/LogMonitor/LogMonitor/second/download/httpd/gumtree/httpd_new_hunk_260.cpp,1747,1747,[6],[6]
patch-unified-1-2,apache_1.3.1/src/modules/standard/mod_mime_magic.c,apache_1.3.2/src/modules/standard/mod_mime_magic.c,/usr/info/code/cpp/LogMonitor/LogMonitor/second/download/httpd/gumtree/httpd_old_hunk_261.cpp,/usr/info/code/cpp/LogMonitor/LogMonitor/second/download/httpd/gumtree/httpd_new_hunk_261.cpp,1793,1793,[6],[6]
patch-unified-1-2,apache_1.3.1/src/modules/standard/mod_mime_magic.c,apache_1.3.2/src/modules/standard/mod_mime_magic.c,/usr/info/code/cpp/LogMonitor/LogMonitor/second/download/httpd/gumtree/httpd_old_hunk_262.cpp,/usr/info/code/cpp/LogMonitor/LogMonitor/second/download/httpd/gumtree/httpd_new_hunk_262.cpp,1845,1845,[6],[6]
patch-unified-1-2,apache_1.3.1/src/modules/standard/mod_mime_magic.c,apache_1.3.2/src/modules/standard/mod_mime_magic.c,/usr/info/code/cpp/LogMonitor/LogMonitor/second/download/httpd/gumtree/httpd_old_hunk_263.cpp,/usr/info/code/cpp/LogMonitor/LogMonitor/second/download/httpd/gumtree/httpd_new_hunk_263.cpp,1890,1890,"[6, 16, 25, 33, 42, 49, 59, 66, 75, 83, 91]","[6, 16, 25, 33, 42, 49, 59, 66, 75, 83, 91]"
patch-unified-1-2,apache_1.3.1/src/modules/standard/mod_mime_magic.c,apache_1.3.2/src/modules/standard/mod_mime_magic.c,/usr/info/code/cpp/LogMonitor/LogMonitor/second/download/httpd/gumtree/httpd_old_hunk_264.cpp,/usr/info/code/cpp/LogMonitor/LogMonitor/second/download/httpd/gumtree/httpd_new_hunk_264.cpp,2150,2150,[6],[6]
patch-unified-1-2,apache_1.3.1/src/modules/standard/mod_mime_magic.c,apache_1.3.2/src/modules/standard/mod_mime_magic.c,/usr/info/code/cpp/LogMonitor/LogMonitor/second/download/httpd/gumtree/httpd_old_hunk_265.cpp,/usr/info/code/cpp/LogMonitor/LogMonitor/second/download/httpd/gumtree/httpd_new_hunk_265.cpp,2176,2176,"[6, 13, 21]","[6, 13, 21]"
patch-unified-1-2,apache_1.3.1/src/modules/standard/mod_mime_magic.c,apache_1.3.2/src/modules/standard/mod_mime_magic.c,/usr/info/code/cpp/LogMonitor/LogMonitor/second/download/httpd/gumtree/httpd_old_hunk_266.cpp,/usr/info/code/cpp/LogMonitor/LogMonitor/second/download/httpd/gumtree/httpd_new_hunk_266.cpp,2298,2298,[6],[6]
patch-unified-1-2,apache_1.3.1/src/modules/standard/mod_mime_magic.c,apache_1.3.2/src/modules/standard/mod_mime_magic.c,/usr/info/code/cpp/LogMonitor/LogMonitor/second/download/httpd/gumtree/httpd_old_hunk_267.cpp,/usr/info/code/cpp/LogMonitor/LogMonitor/second/download/httpd/gumtree/httpd_new_hunk_267.cpp,2317,2317,"[6, 15]","[6, 15]"
patch-unified-1-2,apache_1.3.1/src/modules/standard/mod_negotiation.c,apache_1.3.2/src/modules/standard/mod_negotiation.c,/usr/info/code/cpp/LogMonitor/LogMonitor/second/download/httpd/gumtree/httpd_old_hunk_268.cpp,/usr/info/code/cpp/LogMonitor/LogMonitor/second/download/httpd/gumtree/httpd_new_hunk_268.cpp,678,678,"[6, 16]","[6, 16]"
patch-unified-1-2,apache_1.3.1/src/modules/standard/mod_negotiation.c,apache_1.3.2/src/modules/standard/mod_negotiation.c,/usr/info/code/cpp/LogMonitor/LogMonitor/second/download/httpd/gumtree/httpd_old_hunk_269.cpp,/usr/info/code/cpp/LogMonitor/LogMonitor/second/download/httpd/gumtree/httpd_new_hunk_269.cpp,710,710,[6],[6]
patch-unified-1-2,apache_1.3.1/src/modules/standard/mod_negotiation.c,apache_1.3.2/src/modules/standard/mod_negotiation.c,/usr/info/code/cpp/LogMonitor/LogMonitor/second/download/httpd/gumtree/httpd_old_hunk_270.cpp,/usr/info/code/cpp/LogMonitor/LogMonitor/second/download/httpd/gumtree/httpd_new_hunk_270.cpp,802,802,[6],[6]
patch-unified-1-2,apache_1.3.1/src/modules/standard/mod_negotiation.c,apache_1.3.2/src/modules/standard/mod_negotiation.c,/usr/info/code/cpp/LogMonitor/LogMonitor/second/download/httpd/gumtree/httpd_old_hunk_271.cpp,/usr/info/code/cpp/LogMonitor/LogMonitor/second/download/httpd/gumtree/httpd_new_hunk_271.cpp,2049,2049,[6],[6]
patch-unified-1-2,apache_1.3.1/src/modules/standard/mod_negotiation.c,apache_1.3.2/src/modules/standard/mod_negotiation.c,/usr/info/code/cpp/LogMonitor/LogMonitor/second/download/httpd/gumtree/httpd_old_hunk_272.cpp,/usr/info/code/cpp/LogMonitor/LogMonitor/second/download/httpd/gumtree/httpd_new_hunk_272.cpp,2136,2136,[6],[6]
patch-unified-1-2,apache_1.3.1/src/modules/standard/mod_rewrite.c,apache_1.3.2/src/modules/standard/mod_rewrite.c,/usr/info/code/cpp/LogMonitor/LogMonitor/second/download/httpd/gumtree/httpd_old_hunk_273.cpp,/usr/info/code/cpp/LogMonitor/LogMonitor/second/download/httpd/gumtree/httpd_new_hunk_273.cpp,1094,1094,[6],[6]
patch-unified-1-2,apache_1.3.1/src/modules/standard/mod_rewrite.c,apache_1.3.2/src/modules/standard/mod_rewrite.c,/usr/info/code/cpp/LogMonitor/LogMonitor/second/download/httpd/gumtree/httpd_old_hunk_274.cpp,/usr/info/code/cpp/LogMonitor/LogMonitor/second/download/httpd/gumtree/httpd_new_hunk_274.cpp,1331,1331,[6],[6]
patch-unified-1-2,apache_1.3.1/src/modules/standard/mod_rewrite.c,apache_1.3.2/src/modules/standard/mod_rewrite.c,/usr/info/code/cpp/LogMonitor/LogMonitor/second/download/httpd/gumtree/httpd_old_hunk_275.cpp,/usr/info/code/cpp/LogMonitor/LogMonitor/second/download/httpd/gumtree/httpd_new_hunk_275.cpp,2592,2611,"[6, 17]","[6, 17]"
patch-unified-1-2,apache_1.3.1/src/modules/standard/mod_rewrite.c,apache_1.3.2/src/modules/standard/mod_rewrite.c,/usr/info/code/cpp/LogMonitor/LogMonitor/second/download/httpd/gumtree/httpd_old_hunk_276.cpp,/usr/info/code/cpp/LogMonitor/LogMonitor/second/download/httpd/gumtree/httpd_new_hunk_276.cpp,2618,2637,[6],[6]
patch-unified-1-2,apache_1.3.1/src/modules/standard/mod_rewrite.c,apache_1.3.2/src/modules/standard/mod_rewrite.c,/usr/info/code/cpp/LogMonitor/LogMonitor/second/download/httpd/gumtree/httpd_old_hunk_277.cpp,/usr/info/code/cpp/LogMonitor/LogMonitor/second/download/httpd/gumtree/httpd_new_hunk_277.cpp,2669,2688,[6],[6]
patch-unified-1-2,apache_1.3.1/src/modules/standard/mod_rewrite.c,apache_1.3.2/src/modules/standard/mod_rewrite.c,/usr/info/code/cpp/LogMonitor/LogMonitor/second/download/httpd/gumtree/httpd_old_hunk_278.cpp,/usr/info/code/cpp/LogMonitor/LogMonitor/second/download/httpd/gumtree/httpd_new_hunk_278.cpp,2704,2723,[6],[6]
patch-unified-1-2,apache_1.3.1/src/modules/standard/mod_rewrite.c,apache_1.3.2/src/modules/standard/mod_rewrite.c,/usr/info/code/cpp/LogMonitor/LogMonitor/second/download/httpd/gumtree/httpd_old_hunk_279.cpp,/usr/info/code/cpp/LogMonitor/LogMonitor/second/download/httpd/gumtree/httpd_new_hunk_279.cpp,2764,2783,[6],[6]
patch-unified-1-2,apache_1.3.1/src/modules/standard/mod_rewrite.c,apache_1.3.2/src/modules/standard/mod_rewrite.c,/usr/info/code/cpp/LogMonitor/LogMonitor/second/download/httpd/gumtree/httpd_old_hunk_280.cpp,/usr/info/code/cpp/LogMonitor/LogMonitor/second/download/httpd/gumtree/httpd_new_hunk_280.cpp,3210,3229,[1],[1]
patch-unified-1-2,apache_1.3.1/src/modules/standard/mod_rewrite.c,apache_1.3.2/src/modules/standard/mod_rewrite.c,/usr/info/code/cpp/LogMonitor/LogMonitor/second/download/httpd/gumtree/httpd_old_hunk_281.cpp,/usr/info/code/cpp/LogMonitor/LogMonitor/second/download/httpd/gumtree/httpd_new_hunk_281.cpp,4069,4090,[6],[6]
patch-unified-1-2,apache_1.3.1/src/modules/standard/mod_rewrite.c,apache_1.3.2/src/modules/standard/mod_rewrite.c,/usr/info/code/cpp/LogMonitor/LogMonitor/second/download/httpd/gumtree/httpd_old_hunk_282.cpp,/usr/info/code/cpp/LogMonitor/LogMonitor/second/download/httpd/gumtree/httpd_new_hunk_282.cpp,4099,4120,[6],[6]
patch-unified-1-2,apache_1.3.1/src/modules/standard/mod_speling.c,apache_1.3.2/src/modules/standard/mod_speling.c,/usr/info/code/cpp/LogMonitor/LogMonitor/second/download/httpd/gumtree/httpd_old_hunk_283.cpp,/usr/info/code/cpp/LogMonitor/LogMonitor/second/download/httpd/gumtree/httpd_new_hunk_283.cpp,332,397,[19],[22]
patch-unified-1-2,apache_1.3.1/src/modules/standard/mod_speling.c,apache_1.3.2/src/modules/standard/mod_speling.c,/usr/info/code/cpp/LogMonitor/LogMonitor/second/download/httpd/gumtree/httpd_old_hunk_284.cpp,/usr/info/code/cpp/LogMonitor/LogMonitor/second/download/httpd/gumtree/httpd_new_hunk_284.cpp,371,439,[52],[65]
patch-unified-1-2,apache_1.3.1/src/modules/standard/mod_status.c,apache_1.3.2/src/modules/standard/mod_status.c,/usr/info/code/cpp/LogMonitor/LogMonitor/second/download/httpd/gumtree/httpd_old_hunk_285.cpp,/usr/info/code/cpp/LogMonitor/LogMonitor/second/download/httpd/gumtree/httpd_new_hunk_285.cpp,219,230,[30],[29]
patch-unified-1-2,apache_1.3.1/src/modules/standard/mod_status.c,apache_1.3.2/src/modules/standard/mod_status.c,/usr/info/code/cpp/LogMonitor/LogMonitor/second/download/httpd/gumtree/httpd_old_hunk_286.cpp,/usr/info/code/cpp/LogMonitor/LogMonitor/second/download/httpd/gumtree/httpd_new_hunk_286.cpp,293,305,"[32, 35, 36, 37, 38, 40, 42, 44, 46, 48, 77, 85, 93, 98, 101]","[33, 36, 37, 38, 39, 41, 43, 45, 48, 50, 84, 93, 101, 106, 109]"
patch-unified-1-2,apache_1.3.1/src/modules/standard/mod_status.c,apache_1.3.2/src/modules/standard/mod_status.c,/usr/info/code/cpp/LogMonitor/LogMonitor/second/download/httpd/gumtree/httpd_old_hunk_287.cpp,/usr/info/code/cpp/LogMonitor/LogMonitor/second/download/httpd/gumtree/httpd_new_hunk_287.cpp,425,445,"[0, 1, 2, 3, 4, 5, 11, 15, 17, 67, 70, 73, 76, 79, 82, 85, 88, 91, 94, 115, 117, 119, 134, 137, 140, 143, 146, 149, 152, 155, 158, 161, 193]","[0, 1, 2, 3, 4, 5, 6, 9, 10, 16, 19, 22, 23, 30, 34, 36, 86, 89, 92, 95, 98, 101, 104, 107, 110, 113, 134, 136, 138, 153, 156, 159, 162, 165, 168, 171, 174, 177, 180, 217]"
patch-unified-1-2,apache_1.3.1/src/modules/standard/mod_status.c,apache_1.3.2/src/modules/standard/mod_status.c,/usr/info/code/cpp/LogMonitor/LogMonitor/second/download/httpd/gumtree/httpd_old_hunk_288.cpp,/usr/info/code/cpp/LogMonitor/LogMonitor/second/download/httpd/gumtree/httpd_new_hunk_288.cpp,626,670,[6],[6]
patch-unified-1-2,apache_1.3.1/src/modules/standard/mod_status.c,apache_1.3.2/src/modules/standard/mod_status.c,/usr/info/code/cpp/LogMonitor/LogMonitor/second/download/httpd/gumtree/httpd_old_hunk_289.cpp,/usr/info/code/cpp/LogMonitor/LogMonitor/second/download/httpd/gumtree/httpd_new_hunk_289.cpp,641,685,"[10, 11, 12, 13, 18, 19]","[10, 11, 16, 17]"
patch-unified-1-2,apache_1.3.1/src/os/bs2000/bs2login.c,apache_1.3.2/src/os/bs2000/bs2login.c,/usr/info/code/cpp/LogMonitor/LogMonitor/second/download/httpd/gumtree/httpd_old_hunk_290.cpp,/usr/info/code/cpp/LogMonitor/LogMonitor/second/download/httpd/gumtree/httpd_new_hunk_290.cpp,57,57,"[68, 76, 84, 100, 113, 119]","[31, 44]"
patch-unified-1-2,apache_1.3.1/src/os/unix/os.c,apache_1.3.2/src/os/unix/os.c,/usr/info/code/cpp/LogMonitor/LogMonitor/second/download/httpd/gumtree/httpd_old_hunk_291.cpp,/usr/info/code/cpp/LogMonitor/LogMonitor/second/download/httpd/gumtree/httpd_new_hunk_291.cpp,23,23,[],"[14, 33, 47]"
patch-unified-1-2,apache_1.3.1/src/os/win32/mod_isapi.c,apache_1.3.2/src/os/win32/mod_isapi.c,/usr/info/code/cpp/LogMonitor/LogMonitor/second/download/httpd/gumtree/httpd_old_hunk_292.cpp,/usr/info/code/cpp/LogMonitor/LogMonitor/second/download/httpd/gumtree/httpd_new_hunk_292.cpp,144,144,"[6, 13, 21, 32]","[6, 13, 21, 32]"
patch-unified-1-2,apache_1.3.1/src/os/win32/mod_isapi.c,apache_1.3.2/src/os/win32/mod_isapi.c,/usr/info/code/cpp/LogMonitor/LogMonitor/second/download/httpd/gumtree/httpd_old_hunk_293.cpp,/usr/info/code/cpp/LogMonitor/LogMonitor/second/download/httpd/gumtree/httpd_new_hunk_293.cpp,261,261,[6],[6]
patch-unified-1-2,apache_1.3.1/src/os/win32/mod_isapi.c,apache_1.3.2/src/os/win32/mod_isapi.c,/usr/info/code/cpp/LogMonitor/LogMonitor/second/download/httpd/gumtree/httpd_old_hunk_294.cpp,/usr/info/code/cpp/LogMonitor/LogMonitor/second/download/httpd/gumtree/httpd_new_hunk_294.cpp,280,280,[6],[6]
patch-unified-1-2,apache_1.3.1/src/os/win32/mod_isapi.c,apache_1.3.2/src/os/win32/mod_isapi.c,/usr/info/code/cpp/LogMonitor/LogMonitor/second/download/httpd/gumtree/httpd_old_hunk_295.cpp,/usr/info/code/cpp/LogMonitor/LogMonitor/second/download/httpd/gumtree/httpd_new_hunk_295.cpp,342,342,[6],[6]
patch-unified-1-2,apache_1.3.1/src/os/win32/mod_isapi.c,apache_1.3.2/src/os/win32/mod_isapi.c,/usr/info/code/cpp/LogMonitor/LogMonitor/second/download/httpd/gumtree/httpd_old_hunk_296.cpp,/usr/info/code/cpp/LogMonitor/LogMonitor/second/download/httpd/gumtree/httpd_new_hunk_296.cpp,427,428,[6],[6]
patch-unified-1-2,apache_1.3.1/src/os/win32/mod_isapi.c,apache_1.3.2/src/os/win32/mod_isapi.c,/usr/info/code/cpp/LogMonitor/LogMonitor/second/download/httpd/gumtree/httpd_old_hunk_297.cpp,/usr/info/code/cpp/LogMonitor/LogMonitor/second/download/httpd/gumtree/httpd_new_hunk_297.cpp,450,451,[6],[6]
patch-unified-1-2,apache_1.3.1/src/os/win32/mod_isapi.c,apache_1.3.2/src/os/win32/mod_isapi.c,/usr/info/code/cpp/LogMonitor/LogMonitor/second/download/httpd/gumtree/httpd_old_hunk_298.cpp,/usr/info/code/cpp/LogMonitor/LogMonitor/second/download/httpd/gumtree/httpd_new_hunk_298.cpp,533,534,[6],[6]
patch-unified-1-2,apache_1.3.1/src/os/win32/util_win32.c,apache_1.3.2/src/os/win32/util_win32.c,/usr/info/code/cpp/LogMonitor/LogMonitor/second/download/httpd/gumtree/httpd_old_hunk_299.cpp,/usr/info/code/cpp/LogMonitor/LogMonitor/second/download/httpd/gumtree/httpd_new_hunk_299.cpp,158,203,[5],[5]
patch-unified-1-2,apache_1.3.1/src/support/ab.c,apache_1.3.2/src/support/ab.c,/usr/info/code/cpp/LogMonitor/LogMonitor/second/download/httpd/gumtree/httpd_old_hunk_300.cpp,/usr/info/code/cpp/LogMonitor/LogMonitor/second/download/httpd/gumtree/httpd_new_hunk_300.cpp,166,205,[],[10]
patch-unified-1-2,apache_1.3.1/src/support/ab.c,apache_1.3.2/src/support/ab.c,/usr/info/code/cpp/LogMonitor/LogMonitor/second/download/httpd/gumtree/httpd_old_hunk_301.cpp,/usr/info/code/cpp/LogMonitor/LogMonitor/second/download/httpd/gumtree/httpd_new_hunk_301.cpp,236,286,"[1, 2, 4, 7, 8, 9, 13, 14]","[1, 2, 4, 7, 9, 10, 12, 13, 17, 18, 21, 23]"
patch-unified-1-2,apache_1.3.1/src/support/ab.c,apache_1.3.2/src/support/ab.c,/usr/info/code/cpp/LogMonitor/LogMonitor/second/download/httpd/gumtree/httpd_old_hunk_302.cpp,/usr/info/code/cpp/LogMonitor/LogMonitor/second/download/httpd/gumtree/httpd_new_hunk_302.cpp,265,325,"[5, 6, 7, 8]","[5, 6, 7, 8, 11]"
patch-unified-1-2,apache_1.3.1/src/support/ab.c,apache_1.3.2/src/support/ab.c,/usr/info/code/cpp/LogMonitor/LogMonitor/second/download/httpd/gumtree/httpd_old_hunk_303.cpp,/usr/info/code/cpp/LogMonitor/LogMonitor/second/download/httpd/gumtree/httpd_new_hunk_303.cpp,302,363,[6],[]
patch-unified-1-2,apache_1.3.1/src/support/ab.c,apache_1.3.2/src/support/ab.c,/usr/info/code/cpp/LogMonitor/LogMonitor/second/download/httpd/gumtree/httpd_old_hunk_304.cpp,/usr/info/code/cpp/LogMonitor/LogMonitor/second/download/httpd/gumtree/httpd_new_hunk_304.cpp,379,441,[],[15]
patch-unified-1-2,apache_1.3.1/src/support/ab.c,apache_1.3.2/src/support/ab.c,/usr/info/code/cpp/LogMonitor/LogMonitor/second/download/httpd/gumtree/httpd_old_hunk_305.cpp,/usr/info/code/cpp/LogMonitor/LogMonitor/second/download/httpd/gumtree/httpd_new_hunk_305.cpp,399,468,[6],[]
patch-unified-1-2,apache_1.3.1/src/support/ab.c,apache_1.3.2/src/support/ab.c,/usr/info/code/cpp/LogMonitor/LogMonitor/second/download/httpd/gumtree/httpd_old_hunk_306.cpp,/usr/info/code/cpp/LogMonitor/LogMonitor/second/download/httpd/gumtree/httpd_new_hunk_306.cpp,421,489,[],"[17, 20]"
patch-unified-1-2,apache_1.3.1/src/support/ab.c,apache_1.3.2/src/support/ab.c,/usr/info/code/cpp/LogMonitor/LogMonitor/second/download/httpd/gumtree/httpd_old_hunk_307.cpp,/usr/info/code/cpp/LogMonitor/LogMonitor/second/download/httpd/gumtree/httpd_new_hunk_307.cpp,511,595,[],[34]
patch-unified-1-2,apache_1.3.1/src/support/ab.c,apache_1.3.2/src/support/ab.c,/usr/info/code/cpp/LogMonitor/LogMonitor/second/download/httpd/gumtree/httpd_old_hunk_308.cpp,/usr/info/code/cpp/LogMonitor/LogMonitor/second/download/httpd/gumtree/httpd_new_hunk_308.cpp,542,649,[14],[]
patch-unified-1-2,apache_1.3.1/src/support/ab.c,apache_1.3.2/src/support/ab.c,/usr/info/code/cpp/LogMonitor/LogMonitor/second/download/httpd/gumtree/httpd_old_hunk_309.cpp,/usr/info/code/cpp/LogMonitor/LogMonitor/second/download/httpd/gumtree/httpd_new_hunk_309.cpp,593,697,"[1, 2, 3, 4, 5, 6, 7, 8]","[1, 2, 3, 4, 5, 6, 7, 8, 9, 10, 11]"
patch-unified-1-2,apache_1.3.1/src/support/ab.c,apache_1.3.2/src/support/ab.c,/usr/info/code/cpp/LogMonitor/LogMonitor/second/download/httpd/gumtree/httpd_old_hunk_310.cpp,/usr/info/code/cpp/LogMonitor/LogMonitor/second/download/httpd/gumtree/httpd_new_hunk_310.cpp,629,736,[19],"[14, 23, 27]"
patch-unified-1-2,apache_1.3.1/src/support/htdigest.c,apache_1.3.2/src/support/htdigest.c,/usr/info/code/cpp/LogMonitor/LogMonitor/second/download/httpd/gumtree/httpd_old_hunk_311.cpp,/usr/info/code/cpp/LogMonitor/LogMonitor/second/download/httpd/gumtree/httpd_new_hunk_311.cpp,193,193,[1],[1]
patch-unified-1-2,apache_1.3.1/src/support/rotatelogs.c,apache_1.3.2/src/support/rotatelogs.c,/usr/info/code/cpp/LogMonitor/LogMonitor/second/download/httpd/gumtree/httpd_old_hunk_312.cpp,/usr/info/code/cpp/LogMonitor/LogMonitor/second/download/httpd/gumtree/httpd_new_hunk_312.cpp,25,25,"[3, 7, 11]","[3, 7, 11]"
