commit sha is 35ad12f99e71515f9cc65b1219160b88095a5f6b, old loc is 13, new loc is 18.
now analyze the No. 1 log, 1 is same context
commit sha is b42330be21c0d3046aa0e6fdf046a492bddef520, old loc is 13, new loc is 18.
now analyze the No. 2 log, 2 is same context
commit sha is 788581883fef05820f3f83ec5d1456490bc2397f, old loc is 1073, new loc is 1071.
now analyze the No. 3 log, 2 is same context
commit sha is 788581883fef05820f3f83ec5d1456490bc2397f, old loc is 1141, new loc is 1071.
now analyze the No. 4 log, 2 is same context
commit sha is 788581883fef05820f3f83ec5d1456490bc2397f, old loc is 1185, new loc is 1071.
now analyze the No. 5 log, 2 is same context
commit sha is 788581883fef05820f3f83ec5d1456490bc2397f, old loc is 1193, new loc is 1077.
now analyze the No. 6 log, 2 is same context
commit sha is 788581883fef05820f3f83ec5d1456490bc2397f, old loc is 1193, new loc is 1145.
now analyze the No. 7 log, 2 is same context
commit sha is 788581883fef05820f3f83ec5d1456490bc2397f, old loc is 1193, new loc is 1189.
now analyze the No. 8 log, 2 is same context
commit sha is 788581883fef05820f3f83ec5d1456490bc2397f, old loc is 1407, new loc is 1414.
now analyze the No. 9 log, 2 is same context
commit sha is 788581883fef05820f3f83ec5d1456490bc2397f, old loc is 1408, new loc is 1416.
now analyze the No. 10 log, 2 is same context
commit sha is 788581883fef05820f3f83ec5d1456490bc2397f, old loc is 1416, new loc is 1420.
now analyze the No. 11 log, 2 is same context
commit sha is 788581883fef05820f3f83ec5d1456490bc2397f, old loc is 1417, new loc is 1425.
now analyze the No. 12 log, 2 is same context
commit sha is 788581883fef05820f3f83ec5d1456490bc2397f, old loc is 1579, new loc is 1579.
now analyze the No. 13 log, 2 is same context
commit sha is 788581883fef05820f3f83ec5d1456490bc2397f, old loc is 1599, new loc is 1579.
now analyze the No. 14 log, 2 is same context
commit sha is 788581883fef05820f3f83ec5d1456490bc2397f, old loc is 1605, new loc is 1584.
now analyze the No. 15 log, 2 is same context
commit sha is 788581883fef05820f3f83ec5d1456490bc2397f, old loc is 1605, new loc is 1604.
now analyze the No. 16 log, 2 is same context
commit sha is 788581883fef05820f3f83ec5d1456490bc2397f, old loc is 1625, new loc is 1620.
now analyze the No. 17 log, 2 is same context
commit sha is 788581883fef05820f3f83ec5d1456490bc2397f, old loc is 1640, new loc is 1630.
now analyze the No. 18 log, 2 is same context
commit sha is 788581883fef05820f3f83ec5d1456490bc2397f, old loc is 1674, new loc is 1675.
now analyze the No. 19 log, 2 is same context
commit sha is 788581883fef05820f3f83ec5d1456490bc2397f, old loc is 1675, new loc is 1679.
now analyze the No. 20 log, 2 is same context
commit sha is 788581883fef05820f3f83ec5d1456490bc2397f, old loc is 1683, new loc is 1686.
now analyze the No. 21 log, 2 is same context
commit sha is 788581883fef05820f3f83ec5d1456490bc2397f, old loc is 1684, new loc is 1688.
now analyze the No. 22 log, 2 is same context
commit sha is 788581883fef05820f3f83ec5d1456490bc2397f, old loc is 1701, new loc is 1706.
now analyze the No. 23 log, 2 is same context
commit sha is 788581883fef05820f3f83ec5d1456490bc2397f, old loc is 1814, new loc is 1821.
now analyze the No. 24 log, 3 is same context
commit sha is 788581883fef05820f3f83ec5d1456490bc2397f, old loc is 1815, new loc is 1821.
now analyze the No. 25 log, 3 is same context
commit sha is 788581883fef05820f3f83ec5d1456490bc2397f, old loc is 1829, new loc is 1836.
now analyze the No. 26 log, 4 is same context
commit sha is 788581883fef05820f3f83ec5d1456490bc2397f, old loc is 1830, new loc is 1836.
now analyze the No. 27 log, 4 is same context
commit sha is 788581883fef05820f3f83ec5d1456490bc2397f, old loc is 991, new loc is 1008.
now analyze the No. 28 log, 4 is same context
commit sha is 788581883fef05820f3f83ec5d1456490bc2397f, old loc is 1059, new loc is 1008.
now analyze the No. 29 log, 4 is same context
commit sha is 788581883fef05820f3f83ec5d1456490bc2397f, old loc is 1078, new loc is 1014.
now analyze the No. 30 log, 4 is same context
commit sha is 788581883fef05820f3f83ec5d1456490bc2397f, old loc is 1078, new loc is 1082.
now analyze the No. 31 log, 4 is same context
commit sha is 788581883fef05820f3f83ec5d1456490bc2397f, old loc is 1078, new loc is 1126.
now analyze the No. 32 log, 4 is same context
commit sha is 788581883fef05820f3f83ec5d1456490bc2397f, old loc is 1165, new loc is 1228.
now analyze the No. 33 log, 4 is same context
commit sha is 788581883fef05820f3f83ec5d1456490bc2397f, old loc is 1318, new loc is 1389.
now analyze the No. 34 log, 4 is same context
commit sha is 788581883fef05820f3f83ec5d1456490bc2397f, old loc is 1319, new loc is 1391.
now analyze the No. 35 log, 4 is same context
commit sha is 788581883fef05820f3f83ec5d1456490bc2397f, old loc is 1327, new loc is 1395.
now analyze the No. 36 log, 4 is same context
commit sha is 788581883fef05820f3f83ec5d1456490bc2397f, old loc is 1328, new loc is 1400.
now analyze the No. 37 log, 4 is same context
commit sha is 788581883fef05820f3f83ec5d1456490bc2397f, old loc is 1512, new loc is 1559.
now analyze the No. 38 log, 4 is same context
commit sha is 788581883fef05820f3f83ec5d1456490bc2397f, old loc is 1512, new loc is 1579.
now analyze the No. 39 log, 4 is same context
commit sha is 788581883fef05820f3f83ec5d1456490bc2397f, old loc is 1532, new loc is 1595.
now analyze the No. 40 log, 4 is same context
commit sha is 788581883fef05820f3f83ec5d1456490bc2397f, old loc is 1547, new loc is 1605.
now analyze the No. 41 log, 4 is same context
commit sha is 788581883fef05820f3f83ec5d1456490bc2397f, old loc is 1581, new loc is 1650.
now analyze the No. 42 log, 4 is same context
commit sha is 788581883fef05820f3f83ec5d1456490bc2397f, old loc is 1582, new loc is 1654.
now analyze the No. 43 log, 4 is same context
commit sha is 788581883fef05820f3f83ec5d1456490bc2397f, old loc is 1590, new loc is 1661.
now analyze the No. 44 log, 4 is same context
commit sha is 788581883fef05820f3f83ec5d1456490bc2397f, old loc is 1591, new loc is 1663.
now analyze the No. 45 log, 4 is same context
commit sha is 788581883fef05820f3f83ec5d1456490bc2397f, old loc is 1608, new loc is 1681.
now analyze the No. 46 log, 4 is same context
commit sha is 788581883fef05820f3f83ec5d1456490bc2397f, old loc is 1721, new loc is 1796.
now analyze the No. 47 log, 5 is same context
commit sha is 788581883fef05820f3f83ec5d1456490bc2397f, old loc is 1722, new loc is 1796.
now analyze the No. 48 log, 5 is same context
commit sha is 788581883fef05820f3f83ec5d1456490bc2397f, old loc is 1736, new loc is 1811.
now analyze the No. 49 log, 6 is same context
commit sha is 788581883fef05820f3f83ec5d1456490bc2397f, old loc is 1737, new loc is 1811.
now analyze the No. 50 log, 6 is same context
commit sha is c5df1f165c7f8f1e31e3144d326c6836af2e678d, old loc is 1073, new loc is 1071.
now analyze the No. 51 log, 6 is same context
commit sha is c5df1f165c7f8f1e31e3144d326c6836af2e678d, old loc is 1141, new loc is 1071.
now analyze the No. 52 log, 6 is same context
commit sha is c5df1f165c7f8f1e31e3144d326c6836af2e678d, old loc is 1185, new loc is 1071.
now analyze the No. 53 log, 6 is same context
commit sha is c5df1f165c7f8f1e31e3144d326c6836af2e678d, old loc is 1193, new loc is 1077.
now analyze the No. 54 log, 6 is same context
commit sha is c5df1f165c7f8f1e31e3144d326c6836af2e678d, old loc is 1193, new loc is 1145.
now analyze the No. 55 log, 6 is same context
commit sha is c5df1f165c7f8f1e31e3144d326c6836af2e678d, old loc is 1193, new loc is 1189.
now analyze the No. 56 log, 6 is same context
commit sha is c5df1f165c7f8f1e31e3144d326c6836af2e678d, old loc is 1407, new loc is 1414.
now analyze the No. 57 log, 6 is same context
commit sha is c5df1f165c7f8f1e31e3144d326c6836af2e678d, old loc is 1408, new loc is 1416.
now analyze the No. 58 log, 6 is same context
commit sha is c5df1f165c7f8f1e31e3144d326c6836af2e678d, old loc is 1416, new loc is 1420.
now analyze the No. 59 log, 6 is same context
commit sha is c5df1f165c7f8f1e31e3144d326c6836af2e678d, old loc is 1417, new loc is 1425.
now analyze the No. 60 log, 6 is same context
commit sha is c5df1f165c7f8f1e31e3144d326c6836af2e678d, old loc is 1579, new loc is 1579.
now analyze the No. 61 log, 6 is same context
commit sha is c5df1f165c7f8f1e31e3144d326c6836af2e678d, old loc is 1599, new loc is 1579.
now analyze the No. 62 log, 6 is same context
commit sha is c5df1f165c7f8f1e31e3144d326c6836af2e678d, old loc is 1605, new loc is 1584.
now analyze the No. 63 log, 6 is same context
commit sha is c5df1f165c7f8f1e31e3144d326c6836af2e678d, old loc is 1605, new loc is 1604.
now analyze the No. 64 log, 6 is same context
commit sha is c5df1f165c7f8f1e31e3144d326c6836af2e678d, old loc is 1625, new loc is 1620.
now analyze the No. 65 log, 6 is same context
commit sha is c5df1f165c7f8f1e31e3144d326c6836af2e678d, old loc is 1640, new loc is 1630.
now analyze the No. 66 log, 6 is same context
commit sha is c5df1f165c7f8f1e31e3144d326c6836af2e678d, old loc is 1674, new loc is 1675.
now analyze the No. 67 log, 6 is same context
commit sha is c5df1f165c7f8f1e31e3144d326c6836af2e678d, old loc is 1675, new loc is 1679.
now analyze the No. 68 log, 6 is same context
commit sha is c5df1f165c7f8f1e31e3144d326c6836af2e678d, old loc is 1683, new loc is 1686.
now analyze the No. 69 log, 6 is same context
commit sha is c5df1f165c7f8f1e31e3144d326c6836af2e678d, old loc is 1684, new loc is 1688.
now analyze the No. 70 log, 6 is same context
commit sha is c5df1f165c7f8f1e31e3144d326c6836af2e678d, old loc is 1701, new loc is 1706.
now analyze the No. 71 log, 6 is same context
commit sha is c5df1f165c7f8f1e31e3144d326c6836af2e678d, old loc is 1814, new loc is 1821.
now analyze the No. 72 log, 7 is same context
commit sha is c5df1f165c7f8f1e31e3144d326c6836af2e678d, old loc is 1815, new loc is 1821.
now analyze the No. 73 log, 7 is same context
commit sha is c5df1f165c7f8f1e31e3144d326c6836af2e678d, old loc is 1829, new loc is 1836.
now analyze the No. 74 log, 8 is same context
commit sha is c5df1f165c7f8f1e31e3144d326c6836af2e678d, old loc is 1830, new loc is 1836.
now analyze the No. 75 log, 8 is same context
commit sha is c5df1f165c7f8f1e31e3144d326c6836af2e678d, old loc is 991, new loc is 1008.
now analyze the No. 76 log, 8 is same context
commit sha is c5df1f165c7f8f1e31e3144d326c6836af2e678d, old loc is 1059, new loc is 1008.
now analyze the No. 77 log, 8 is same context
commit sha is c5df1f165c7f8f1e31e3144d326c6836af2e678d, old loc is 1078, new loc is 1014.
now analyze the No. 78 log, 8 is same context
commit sha is c5df1f165c7f8f1e31e3144d326c6836af2e678d, old loc is 1078, new loc is 1082.
now analyze the No. 79 log, 8 is same context
commit sha is c5df1f165c7f8f1e31e3144d326c6836af2e678d, old loc is 1078, new loc is 1126.
now analyze the No. 80 log, 8 is same context
commit sha is c5df1f165c7f8f1e31e3144d326c6836af2e678d, old loc is 1165, new loc is 1228.
now analyze the No. 81 log, 8 is same context
commit sha is c5df1f165c7f8f1e31e3144d326c6836af2e678d, old loc is 1318, new loc is 1389.
now analyze the No. 82 log, 8 is same context
commit sha is c5df1f165c7f8f1e31e3144d326c6836af2e678d, old loc is 1319, new loc is 1391.
now analyze the No. 83 log, 8 is same context
commit sha is c5df1f165c7f8f1e31e3144d326c6836af2e678d, old loc is 1327, new loc is 1395.
now analyze the No. 84 log, 8 is same context
commit sha is c5df1f165c7f8f1e31e3144d326c6836af2e678d, old loc is 1328, new loc is 1400.
now analyze the No. 85 log, 8 is same context
commit sha is c5df1f165c7f8f1e31e3144d326c6836af2e678d, old loc is 1512, new loc is 1559.
now analyze the No. 86 log, 8 is same context
commit sha is c5df1f165c7f8f1e31e3144d326c6836af2e678d, old loc is 1512, new loc is 1579.
now analyze the No. 87 log, 8 is same context
commit sha is c5df1f165c7f8f1e31e3144d326c6836af2e678d, old loc is 1532, new loc is 1595.
now analyze the No. 88 log, 8 is same context
commit sha is c5df1f165c7f8f1e31e3144d326c6836af2e678d, old loc is 1547, new loc is 1605.
now analyze the No. 89 log, 8 is same context
commit sha is c5df1f165c7f8f1e31e3144d326c6836af2e678d, old loc is 1581, new loc is 1650.
now analyze the No. 90 log, 8 is same context
commit sha is c5df1f165c7f8f1e31e3144d326c6836af2e678d, old loc is 1582, new loc is 1654.
now analyze the No. 91 log, 8 is same context
commit sha is c5df1f165c7f8f1e31e3144d326c6836af2e678d, old loc is 1590, new loc is 1661.
now analyze the No. 92 log, 8 is same context
commit sha is c5df1f165c7f8f1e31e3144d326c6836af2e678d, old loc is 1591, new loc is 1663.
now analyze the No. 93 log, 8 is same context
commit sha is c5df1f165c7f8f1e31e3144d326c6836af2e678d, old loc is 1608, new loc is 1681.
now analyze the No. 94 log, 8 is same context
commit sha is c5df1f165c7f8f1e31e3144d326c6836af2e678d, old loc is 1721, new loc is 1796.
now analyze the No. 95 log, 9 is same context
commit sha is c5df1f165c7f8f1e31e3144d326c6836af2e678d, old loc is 1722, new loc is 1796.
now analyze the No. 96 log, 9 is same context
commit sha is c5df1f165c7f8f1e31e3144d326c6836af2e678d, old loc is 1736, new loc is 1811.
now analyze the No. 97 log, 10 is same context
commit sha is c5df1f165c7f8f1e31e3144d326c6836af2e678d, old loc is 1737, new loc is 1811.
now analyze the No. 98 log, 10 is same context
commit sha is a0d64ecf8b9eac29cbfeb7461cf3bcb1688f7aa7, old loc is 49, new loc is 52.
now analyze the No. 99 log, 10 is same context
commit sha is 0290bfc35dee73fb534556700554536f1164caaf, old loc is 160, new loc is 146.
now analyze the No. 100 log, 10 is same context
commit sha is 0290bfc35dee73fb534556700554536f1164caaf, old loc is 912, new loc is 921.
now analyze the No. 101 log, 11 is same context
commit sha is 0290bfc35dee73fb534556700554536f1164caaf, old loc is 913, new loc is 921.
now analyze the No. 102 log, 11 is same context
commit sha is 0290bfc35dee73fb534556700554536f1164caaf, old loc is 4112, new loc is 4106.
now analyze the No. 103 log, 11 is same context
commit sha is 0290bfc35dee73fb534556700554536f1164caaf, old loc is 256, new loc is 257.
now analyze the No. 104 log, 11 is same context
commit sha is 0290bfc35dee73fb534556700554536f1164caaf, old loc is 228, new loc is 230.
now analyze the No. 105 log, 12 is same context
commit sha is 0290bfc35dee73fb534556700554536f1164caaf, old loc is 230, new loc is 230.
now analyze the No. 106 log, 12 is same context
commit sha is 0290bfc35dee73fb534556700554536f1164caaf, old loc is 586, new loc is 592.
now analyze the No. 107 log, 13 is same context
commit sha is 0290bfc35dee73fb534556700554536f1164caaf, old loc is 587, new loc is 592.
now analyze the No. 108 log, 13 is same context
commit sha is 0290bfc35dee73fb534556700554536f1164caaf, old loc is 116, new loc is 114.
now analyze the No. 109 log, 13 is same context
commit sha is 0290bfc35dee73fb534556700554536f1164caaf, old loc is 117, new loc is 116.
now analyze the No. 110 log, 13 is same context
commit sha is 45aa03b97aeeb512264ac2bfbb2028330be254d1, old loc is 49, new loc is 52.
now analyze the No. 111 log, 13 is same context
commit sha is f8a1ba202f51e70510f12f46fe0633ea908d5144, old loc is 160, new loc is 146.
now analyze the No. 112 log, 13 is same context
commit sha is f8a1ba202f51e70510f12f46fe0633ea908d5144, old loc is 912, new loc is 921.
now analyze the No. 113 log, 14 is same context
commit sha is f8a1ba202f51e70510f12f46fe0633ea908d5144, old loc is 913, new loc is 921.
now analyze the No. 114 log, 14 is same context
commit sha is f8a1ba202f51e70510f12f46fe0633ea908d5144, old loc is 4112, new loc is 4106.
now analyze the No. 115 log, 14 is same context
commit sha is f8a1ba202f51e70510f12f46fe0633ea908d5144, old loc is 256, new loc is 257.
now analyze the No. 116 log, 14 is same context
commit sha is f8a1ba202f51e70510f12f46fe0633ea908d5144, old loc is 228, new loc is 230.
now analyze the No. 117 log, 15 is same context
commit sha is f8a1ba202f51e70510f12f46fe0633ea908d5144, old loc is 230, new loc is 230.
now analyze the No. 118 log, 15 is same context
commit sha is f8a1ba202f51e70510f12f46fe0633ea908d5144, old loc is 586, new loc is 592.
now analyze the No. 119 log, 16 is same context
commit sha is f8a1ba202f51e70510f12f46fe0633ea908d5144, old loc is 587, new loc is 592.
now analyze the No. 120 log, 16 is same context
commit sha is f8a1ba202f51e70510f12f46fe0633ea908d5144, old loc is 116, new loc is 114.
now analyze the No. 121 log, 16 is same context
commit sha is f8a1ba202f51e70510f12f46fe0633ea908d5144, old loc is 117, new loc is 116.
now analyze the No. 122 log, 16 is same context
commit sha is 93cc249f3dd7ecd621cd063e4c08bbdb54d971e8, old loc is 160, new loc is 146.
now analyze the No. 123 log, 16 is same context
commit sha is 93cc249f3dd7ecd621cd063e4c08bbdb54d971e8, old loc is 912, new loc is 921.
now analyze the No. 124 log, 17 is same context
commit sha is 93cc249f3dd7ecd621cd063e4c08bbdb54d971e8, old loc is 913, new loc is 921.
now analyze the No. 125 log, 17 is same context
commit sha is 93cc249f3dd7ecd621cd063e4c08bbdb54d971e8, old loc is 4111, new loc is 4105.
now analyze the No. 126 log, 17 is same context
commit sha is 93cc249f3dd7ecd621cd063e4c08bbdb54d971e8, old loc is 256, new loc is 257.
now analyze the No. 127 log, 17 is same context
commit sha is 93cc249f3dd7ecd621cd063e4c08bbdb54d971e8, old loc is 232, new loc is 234.
now analyze the No. 128 log, 18 is same context
commit sha is 93cc249f3dd7ecd621cd063e4c08bbdb54d971e8, old loc is 234, new loc is 234.
now analyze the No. 129 log, 18 is same context
commit sha is 93cc249f3dd7ecd621cd063e4c08bbdb54d971e8, old loc is 590, new loc is 596.
now analyze the No. 130 log, 19 is same context
commit sha is 93cc249f3dd7ecd621cd063e4c08bbdb54d971e8, old loc is 591, new loc is 596.
now analyze the No. 131 log, 19 is same context
commit sha is 93cc249f3dd7ecd621cd063e4c08bbdb54d971e8, old loc is 116, new loc is 114.
now analyze the No. 132 log, 19 is same context
commit sha is 93cc249f3dd7ecd621cd063e4c08bbdb54d971e8, old loc is 117, new loc is 116.
now analyze the No. 133 log, 19 is same context
commit sha is 95cfb5457959cb221af60a63a39bc152bb024e58, old loc is 7, new loc is 9.
now analyze the No. 134 log, 19 is same context
commit sha is 95cfb5457959cb221af60a63a39bc152bb024e58, old loc is 7, new loc is 10.
now analyze the No. 135 log, 19 is same context
commit sha is 80ebc55a7ce934ee357c30713bcb96b209e97963, old loc is 7, new loc is 9.
now analyze the No. 136 log, 19 is same context
commit sha is 80ebc55a7ce934ee357c30713bcb96b209e97963, old loc is 7, new loc is 10.
now analyze the No. 137 log, 19 is same context
commit sha is 095279bc94c81c4076de20474f1d3dd186764388, old loc is 369, new loc is 350.
now analyze the No. 138 log, 19 is same context
commit sha is 095279bc94c81c4076de20474f1d3dd186764388, old loc is 372, new loc is 362.
now analyze the No. 139 log, 19 is same context
commit sha is 095279bc94c81c4076de20474f1d3dd186764388, old loc is 378, new loc is 362.
now analyze the No. 140 log, 19 is same context
commit sha is 095279bc94c81c4076de20474f1d3dd186764388, old loc is 380, new loc is 363.
now analyze the No. 141 log, 19 is same context
commit sha is 095279bc94c81c4076de20474f1d3dd186764388, old loc is 380, new loc is 366.
now analyze the No. 142 log, 19 is same context
commit sha is 095279bc94c81c4076de20474f1d3dd186764388, old loc is 380, new loc is 372.
now analyze the No. 143 log, 19 is same context
commit sha is 095279bc94c81c4076de20474f1d3dd186764388, old loc is 380, new loc is 375.
now analyze the No. 144 log, 19 is same context
commit sha is 095279bc94c81c4076de20474f1d3dd186764388, old loc is 381, new loc is 378.
now analyze the No. 145 log, 19 is same context
commit sha is 095279bc94c81c4076de20474f1d3dd186764388, old loc is 400, new loc is 395.
now analyze the No. 146 log, 20 is same context
commit sha is 095279bc94c81c4076de20474f1d3dd186764388, old loc is 403, new loc is 396.
now analyze the No. 147 log, 20 is same context
commit sha is 5ca4abb27f314ce03fc337514c489e67bfcf0ee5, old loc is 369, new loc is 350.
now analyze the No. 148 log, 20 is same context
commit sha is 5ca4abb27f314ce03fc337514c489e67bfcf0ee5, old loc is 372, new loc is 362.
now analyze the No. 149 log, 20 is same context
commit sha is 5ca4abb27f314ce03fc337514c489e67bfcf0ee5, old loc is 378, new loc is 362.
now analyze the No. 150 log, 20 is same context
commit sha is 5ca4abb27f314ce03fc337514c489e67bfcf0ee5, old loc is 380, new loc is 363.
now analyze the No. 151 log, 20 is same context
commit sha is 5ca4abb27f314ce03fc337514c489e67bfcf0ee5, old loc is 380, new loc is 366.
now analyze the No. 152 log, 20 is same context
commit sha is 5ca4abb27f314ce03fc337514c489e67bfcf0ee5, old loc is 380, new loc is 372.
now analyze the No. 153 log, 20 is same context
commit sha is 5ca4abb27f314ce03fc337514c489e67bfcf0ee5, old loc is 380, new loc is 375.
now analyze the No. 154 log, 20 is same context
commit sha is 5ca4abb27f314ce03fc337514c489e67bfcf0ee5, old loc is 381, new loc is 378.
now analyze the No. 155 log, 20 is same context
commit sha is 5ca4abb27f314ce03fc337514c489e67bfcf0ee5, old loc is 400, new loc is 395.
now analyze the No. 156 log, 21 is same context
commit sha is 5ca4abb27f314ce03fc337514c489e67bfcf0ee5, old loc is 403, new loc is 396.
now analyze the No. 157 log, 21 is same context
commit sha is 88f38a2bb42599561e685dfba956866d857fe518, old loc is 351, new loc is 340.
now analyze the No. 158 log, 21 is same context
commit sha is 88f38a2bb42599561e685dfba956866d857fe518, old loc is 357, new loc is 351.
now analyze the No. 159 log, 21 is same context
commit sha is 88f38a2bb42599561e685dfba956866d857fe518, old loc is 370, new loc is 359.
now analyze the No. 160 log, 21 is same context
commit sha is 88f38a2bb42599561e685dfba956866d857fe518, old loc is 377, new loc is 373.
now analyze the No. 161 log, 21 is same context
commit sha is 88f38a2bb42599561e685dfba956866d857fe518, old loc is 465, new loc is 445.
now analyze the No. 162 log, 21 is same context
commit sha is 88f38a2bb42599561e685dfba956866d857fe518, old loc is 517, new loc is 487.
now analyze the No. 163 log, 21 is same context
commit sha is 88f38a2bb42599561e685dfba956866d857fe518, old loc is 517, new loc is 492.
now analyze the No. 164 log, 21 is same context
commit sha is 88f38a2bb42599561e685dfba956866d857fe518, old loc is 517, new loc is 496.
now analyze the No. 165 log, 21 is same context
commit sha is 88f38a2bb42599561e685dfba956866d857fe518, old loc is 624, new loc is 565.
now analyze the No. 166 log, 21 is same context
commit sha is 88f38a2bb42599561e685dfba956866d857fe518, old loc is 624, new loc is 599.
now analyze the No. 167 log, 21 is same context
commit sha is 88f38a2bb42599561e685dfba956866d857fe518, old loc is 745, new loc is 652.
now analyze the No. 168 log, 21 is same context
commit sha is 88f38a2bb42599561e685dfba956866d857fe518, old loc is 749, new loc is 665.
now analyze the No. 169 log, 21 is same context
commit sha is 88f38a2bb42599561e685dfba956866d857fe518, old loc is 749, new loc is 681.
now analyze the No. 170 log, 21 is same context
commit sha is 88f38a2bb42599561e685dfba956866d857fe518, old loc is 749, new loc is 687.
now analyze the No. 171 log, 21 is same context
commit sha is 88f38a2bb42599561e685dfba956866d857fe518, old loc is 749, new loc is 692.
now analyze the No. 172 log, 21 is same context
commit sha is 88f38a2bb42599561e685dfba956866d857fe518, old loc is 749, new loc is 708.
now analyze the No. 173 log, 21 is same context
commit sha is 88f38a2bb42599561e685dfba956866d857fe518, old loc is 904, new loc is 874.
now analyze the No. 174 log, 21 is same context
commit sha is 88f38a2bb42599561e685dfba956866d857fe518, old loc is 1154, new loc is 1118.
now analyze the No. 175 log, 21 is same context
commit sha is 88f38a2bb42599561e685dfba956866d857fe518, old loc is 1163, new loc is 1130.
now analyze the No. 176 log, 21 is same context
commit sha is 88f38a2bb42599561e685dfba956866d857fe518, old loc is 1206, new loc is 1170.
now analyze the No. 177 log, 21 is same context
commit sha is 88f38a2bb42599561e685dfba956866d857fe518, old loc is 88, new loc is 74.
now analyze the No. 178 log, 21 is same context
commit sha is 88f38a2bb42599561e685dfba956866d857fe518, old loc is 90, new loc is 76.
now analyze the No. 179 log, 21 is same context
commit sha is 88f38a2bb42599561e685dfba956866d857fe518, old loc is 26, new loc is 14.
now analyze the No. 180 log, 21 is same context
commit sha is 88f38a2bb42599561e685dfba956866d857fe518, old loc is 28, new loc is 15.
now analyze the No. 181 log, 21 is same context
commit sha is 88f38a2bb42599561e685dfba956866d857fe518, old loc is 31, new loc is 18.
now analyze the No. 182 log, 21 is same context
commit sha is 88f38a2bb42599561e685dfba956866d857fe518, old loc is 32, new loc is 19.
now analyze the No. 183 log, 22 is same context
commit sha is 88f38a2bb42599561e685dfba956866d857fe518, old loc is 429, new loc is 410.
now analyze the No. 184 log, 22 is same context
commit sha is 88f38a2bb42599561e685dfba956866d857fe518, old loc is 431, new loc is 411.
now analyze the No. 185 log, 23 is same context
commit sha is 88f38a2bb42599561e685dfba956866d857fe518, old loc is 467, new loc is 440.
now analyze the No. 186 log, 24 is same context
commit sha is 88f38a2bb42599561e685dfba956866d857fe518, old loc is 468, new loc is 440.
now analyze the No. 187 log, 24 is same context
commit sha is 88f38a2bb42599561e685dfba956866d857fe518, old loc is 469, new loc is 443.
now analyze the No. 188 log, 25 is same context
commit sha is 88f38a2bb42599561e685dfba956866d857fe518, old loc is 470, new loc is 443.
now analyze the No. 189 log, 25 is same context
commit sha is 88f38a2bb42599561e685dfba956866d857fe518, old loc is 471, new loc is 446.
now analyze the No. 190 log, 26 is same context
commit sha is 88f38a2bb42599561e685dfba956866d857fe518, old loc is 472, new loc is 446.
now analyze the No. 191 log, 26 is same context
commit sha is 88f38a2bb42599561e685dfba956866d857fe518, old loc is 473, new loc is 449.
now analyze the No. 192 log, 27 is same context
commit sha is 88f38a2bb42599561e685dfba956866d857fe518, old loc is 475, new loc is 449.
now analyze the No. 193 log, 28 is same context
commit sha is 88f38a2bb42599561e685dfba956866d857fe518, old loc is 478, new loc is 454.
now analyze the No. 194 log, 29 is same context
commit sha is 88f38a2bb42599561e685dfba956866d857fe518, old loc is 479, new loc is 454.
now analyze the No. 195 log, 29 is same context
commit sha is 88f38a2bb42599561e685dfba956866d857fe518, old loc is 485, new loc is 463.
now analyze the No. 196 log, 30 is same context
commit sha is 88f38a2bb42599561e685dfba956866d857fe518, old loc is 486, new loc is 463.
now analyze the No. 197 log, 30 is same context
commit sha is 88f38a2bb42599561e685dfba956866d857fe518, old loc is 519, new loc is 493.
now analyze the No. 198 log, 30 is same context
commit sha is 88f38a2bb42599561e685dfba956866d857fe518, old loc is 521, new loc is 494.
now analyze the No. 199 log, 31 is same context
commit sha is 95a97a40e48a0db2b206c4560d6962be3666812c, old loc is 351, new loc is 340.
now analyze the No. 200 log, 31 is same context
commit sha is 95a97a40e48a0db2b206c4560d6962be3666812c, old loc is 357, new loc is 351.
now analyze the No. 201 log, 31 is same context
commit sha is 95a97a40e48a0db2b206c4560d6962be3666812c, old loc is 370, new loc is 359.
now analyze the No. 202 log, 31 is same context
commit sha is 95a97a40e48a0db2b206c4560d6962be3666812c, old loc is 377, new loc is 373.
now analyze the No. 203 log, 31 is same context
commit sha is 95a97a40e48a0db2b206c4560d6962be3666812c, old loc is 465, new loc is 445.
now analyze the No. 204 log, 31 is same context
commit sha is 95a97a40e48a0db2b206c4560d6962be3666812c, old loc is 517, new loc is 487.
now analyze the No. 205 log, 31 is same context
commit sha is 95a97a40e48a0db2b206c4560d6962be3666812c, old loc is 517, new loc is 492.
now analyze the No. 206 log, 31 is same context
commit sha is 95a97a40e48a0db2b206c4560d6962be3666812c, old loc is 517, new loc is 496.
now analyze the No. 207 log, 31 is same context
commit sha is 95a97a40e48a0db2b206c4560d6962be3666812c, old loc is 624, new loc is 565.
now analyze the No. 208 log, 31 is same context
commit sha is 95a97a40e48a0db2b206c4560d6962be3666812c, old loc is 624, new loc is 599.
now analyze the No. 209 log, 31 is same context
commit sha is 95a97a40e48a0db2b206c4560d6962be3666812c, old loc is 745, new loc is 652.
now analyze the No. 210 log, 31 is same context
commit sha is 95a97a40e48a0db2b206c4560d6962be3666812c, old loc is 749, new loc is 665.
now analyze the No. 211 log, 31 is same context
commit sha is 95a97a40e48a0db2b206c4560d6962be3666812c, old loc is 749, new loc is 681.
now analyze the No. 212 log, 31 is same context
commit sha is 95a97a40e48a0db2b206c4560d6962be3666812c, old loc is 749, new loc is 687.
now analyze the No. 213 log, 31 is same context
commit sha is 95a97a40e48a0db2b206c4560d6962be3666812c, old loc is 749, new loc is 692.
now analyze the No. 214 log, 31 is same context
commit sha is 95a97a40e48a0db2b206c4560d6962be3666812c, old loc is 749, new loc is 708.
now analyze the No. 215 log, 31 is same context
commit sha is 95a97a40e48a0db2b206c4560d6962be3666812c, old loc is 904, new loc is 874.
now analyze the No. 216 log, 31 is same context
commit sha is 95a97a40e48a0db2b206c4560d6962be3666812c, old loc is 1154, new loc is 1118.
now analyze the No. 217 log, 31 is same context
commit sha is 95a97a40e48a0db2b206c4560d6962be3666812c, old loc is 1163, new loc is 1130.
now analyze the No. 218 log, 31 is same context
commit sha is 95a97a40e48a0db2b206c4560d6962be3666812c, old loc is 1206, new loc is 1170.
now analyze the No. 219 log, 31 is same context
commit sha is 95a97a40e48a0db2b206c4560d6962be3666812c, old loc is 88, new loc is 74.
now analyze the No. 220 log, 31 is same context
commit sha is 95a97a40e48a0db2b206c4560d6962be3666812c, old loc is 90, new loc is 76.
now analyze the No. 221 log, 31 is same context
commit sha is 95a97a40e48a0db2b206c4560d6962be3666812c, old loc is 26, new loc is 14.
now analyze the No. 222 log, 31 is same context
commit sha is 95a97a40e48a0db2b206c4560d6962be3666812c, old loc is 28, new loc is 15.
now analyze the No. 223 log, 31 is same context
commit sha is 95a97a40e48a0db2b206c4560d6962be3666812c, old loc is 31, new loc is 18.
now analyze the No. 224 log, 31 is same context
commit sha is 95a97a40e48a0db2b206c4560d6962be3666812c, old loc is 32, new loc is 19.
now analyze the No. 225 log, 32 is same context
commit sha is 95a97a40e48a0db2b206c4560d6962be3666812c, old loc is 429, new loc is 410.
now analyze the No. 226 log, 32 is same context
commit sha is 95a97a40e48a0db2b206c4560d6962be3666812c, old loc is 431, new loc is 411.
now analyze the No. 227 log, 33 is same context
commit sha is 95a97a40e48a0db2b206c4560d6962be3666812c, old loc is 467, new loc is 440.
now analyze the No. 228 log, 34 is same context
commit sha is 95a97a40e48a0db2b206c4560d6962be3666812c, old loc is 468, new loc is 440.
now analyze the No. 229 log, 34 is same context
commit sha is 95a97a40e48a0db2b206c4560d6962be3666812c, old loc is 469, new loc is 443.
now analyze the No. 230 log, 35 is same context
commit sha is 95a97a40e48a0db2b206c4560d6962be3666812c, old loc is 470, new loc is 443.
now analyze the No. 231 log, 35 is same context
commit sha is 95a97a40e48a0db2b206c4560d6962be3666812c, old loc is 471, new loc is 446.
now analyze the No. 232 log, 36 is same context
commit sha is 95a97a40e48a0db2b206c4560d6962be3666812c, old loc is 472, new loc is 446.
now analyze the No. 233 log, 36 is same context
commit sha is 95a97a40e48a0db2b206c4560d6962be3666812c, old loc is 473, new loc is 449.
now analyze the No. 234 log, 37 is same context
commit sha is 95a97a40e48a0db2b206c4560d6962be3666812c, old loc is 475, new loc is 449.
now analyze the No. 235 log, 38 is same context
commit sha is 95a97a40e48a0db2b206c4560d6962be3666812c, old loc is 478, new loc is 454.
now analyze the No. 236 log, 39 is same context
commit sha is 95a97a40e48a0db2b206c4560d6962be3666812c, old loc is 479, new loc is 454.
now analyze the No. 237 log, 39 is same context
commit sha is 95a97a40e48a0db2b206c4560d6962be3666812c, old loc is 485, new loc is 463.
now analyze the No. 238 log, 40 is same context
commit sha is 95a97a40e48a0db2b206c4560d6962be3666812c, old loc is 486, new loc is 463.
now analyze the No. 239 log, 40 is same context
commit sha is 95a97a40e48a0db2b206c4560d6962be3666812c, old loc is 519, new loc is 493.
now analyze the No. 240 log, 40 is same context
commit sha is 95a97a40e48a0db2b206c4560d6962be3666812c, old loc is 521, new loc is 494.
now analyze the No. 241 log, 41 is same context
commit sha is 773b36e5d4af3ac040625e0ea16bcfd30fcdeb6d, old loc is 351, new loc is 340.
now analyze the No. 242 log, 41 is same context
commit sha is 773b36e5d4af3ac040625e0ea16bcfd30fcdeb6d, old loc is 357, new loc is 351.
now analyze the No. 243 log, 41 is same context
commit sha is 773b36e5d4af3ac040625e0ea16bcfd30fcdeb6d, old loc is 370, new loc is 359.
now analyze the No. 244 log, 41 is same context
commit sha is 773b36e5d4af3ac040625e0ea16bcfd30fcdeb6d, old loc is 377, new loc is 373.
now analyze the No. 245 log, 41 is same context
commit sha is 773b36e5d4af3ac040625e0ea16bcfd30fcdeb6d, old loc is 465, new loc is 445.
now analyze the No. 246 log, 41 is same context
commit sha is 773b36e5d4af3ac040625e0ea16bcfd30fcdeb6d, old loc is 517, new loc is 487.
now analyze the No. 247 log, 41 is same context
commit sha is 773b36e5d4af3ac040625e0ea16bcfd30fcdeb6d, old loc is 517, new loc is 492.
now analyze the No. 248 log, 41 is same context
commit sha is 773b36e5d4af3ac040625e0ea16bcfd30fcdeb6d, old loc is 517, new loc is 496.
now analyze the No. 249 log, 41 is same context
commit sha is 773b36e5d4af3ac040625e0ea16bcfd30fcdeb6d, old loc is 624, new loc is 565.
now analyze the No. 250 log, 41 is same context
commit sha is 773b36e5d4af3ac040625e0ea16bcfd30fcdeb6d, old loc is 624, new loc is 599.
now analyze the No. 251 log, 41 is same context
commit sha is 773b36e5d4af3ac040625e0ea16bcfd30fcdeb6d, old loc is 745, new loc is 652.
now analyze the No. 252 log, 41 is same context
commit sha is 773b36e5d4af3ac040625e0ea16bcfd30fcdeb6d, old loc is 749, new loc is 665.
now analyze the No. 253 log, 41 is same context
commit sha is 773b36e5d4af3ac040625e0ea16bcfd30fcdeb6d, old loc is 749, new loc is 681.
now analyze the No. 254 log, 41 is same context
commit sha is 773b36e5d4af3ac040625e0ea16bcfd30fcdeb6d, old loc is 749, new loc is 687.
now analyze the No. 255 log, 41 is same context
commit sha is 773b36e5d4af3ac040625e0ea16bcfd30fcdeb6d, old loc is 749, new loc is 692.
now analyze the No. 256 log, 41 is same context
commit sha is 773b36e5d4af3ac040625e0ea16bcfd30fcdeb6d, old loc is 749, new loc is 708.
now analyze the No. 257 log, 41 is same context
commit sha is 773b36e5d4af3ac040625e0ea16bcfd30fcdeb6d, old loc is 904, new loc is 874.
now analyze the No. 258 log, 41 is same context
commit sha is 773b36e5d4af3ac040625e0ea16bcfd30fcdeb6d, old loc is 1154, new loc is 1118.
now analyze the No. 259 log, 41 is same context
commit sha is 773b36e5d4af3ac040625e0ea16bcfd30fcdeb6d, old loc is 1163, new loc is 1130.
now analyze the No. 260 log, 41 is same context
commit sha is 773b36e5d4af3ac040625e0ea16bcfd30fcdeb6d, old loc is 1206, new loc is 1170.
now analyze the No. 261 log, 41 is same context
commit sha is 773b36e5d4af3ac040625e0ea16bcfd30fcdeb6d, old loc is 88, new loc is 74.
now analyze the No. 262 log, 41 is same context
commit sha is 773b36e5d4af3ac040625e0ea16bcfd30fcdeb6d, old loc is 90, new loc is 76.
now analyze the No. 263 log, 41 is same context
commit sha is 773b36e5d4af3ac040625e0ea16bcfd30fcdeb6d, old loc is 26, new loc is 14.
now analyze the No. 264 log, 41 is same context
commit sha is 773b36e5d4af3ac040625e0ea16bcfd30fcdeb6d, old loc is 28, new loc is 15.
now analyze the No. 265 log, 41 is same context
commit sha is 773b36e5d4af3ac040625e0ea16bcfd30fcdeb6d, old loc is 31, new loc is 18.
now analyze the No. 266 log, 41 is same context
commit sha is 773b36e5d4af3ac040625e0ea16bcfd30fcdeb6d, old loc is 32, new loc is 19.
now analyze the No. 267 log, 42 is same context
commit sha is 773b36e5d4af3ac040625e0ea16bcfd30fcdeb6d, old loc is 429, new loc is 410.
now analyze the No. 268 log, 42 is same context
commit sha is 773b36e5d4af3ac040625e0ea16bcfd30fcdeb6d, old loc is 431, new loc is 411.
now analyze the No. 269 log, 43 is same context
commit sha is 773b36e5d4af3ac040625e0ea16bcfd30fcdeb6d, old loc is 467, new loc is 440.
now analyze the No. 270 log, 44 is same context
commit sha is 773b36e5d4af3ac040625e0ea16bcfd30fcdeb6d, old loc is 468, new loc is 440.
now analyze the No. 271 log, 44 is same context
commit sha is 773b36e5d4af3ac040625e0ea16bcfd30fcdeb6d, old loc is 469, new loc is 443.
now analyze the No. 272 log, 45 is same context
commit sha is 773b36e5d4af3ac040625e0ea16bcfd30fcdeb6d, old loc is 470, new loc is 443.
now analyze the No. 273 log, 45 is same context
commit sha is 773b36e5d4af3ac040625e0ea16bcfd30fcdeb6d, old loc is 471, new loc is 446.
now analyze the No. 274 log, 46 is same context
commit sha is 773b36e5d4af3ac040625e0ea16bcfd30fcdeb6d, old loc is 472, new loc is 446.
now analyze the No. 275 log, 46 is same context
commit sha is 773b36e5d4af3ac040625e0ea16bcfd30fcdeb6d, old loc is 473, new loc is 449.
now analyze the No. 276 log, 47 is same context
commit sha is 773b36e5d4af3ac040625e0ea16bcfd30fcdeb6d, old loc is 475, new loc is 449.
now analyze the No. 277 log, 48 is same context
commit sha is 773b36e5d4af3ac040625e0ea16bcfd30fcdeb6d, old loc is 478, new loc is 454.
now analyze the No. 278 log, 49 is same context
commit sha is 773b36e5d4af3ac040625e0ea16bcfd30fcdeb6d, old loc is 479, new loc is 454.
now analyze the No. 279 log, 49 is same context
commit sha is 773b36e5d4af3ac040625e0ea16bcfd30fcdeb6d, old loc is 485, new loc is 463.
now analyze the No. 280 log, 50 is same context
commit sha is 773b36e5d4af3ac040625e0ea16bcfd30fcdeb6d, old loc is 486, new loc is 463.
now analyze the No. 281 log, 50 is same context
commit sha is 773b36e5d4af3ac040625e0ea16bcfd30fcdeb6d, old loc is 519, new loc is 493.
now analyze the No. 282 log, 50 is same context
commit sha is 773b36e5d4af3ac040625e0ea16bcfd30fcdeb6d, old loc is 521, new loc is 494.
now analyze the No. 283 log, 51 is same context
commit sha is 92c3cab223845ca83533bba7b6d73f6180223935, old loc is 1277, new loc is 781.
now analyze the No. 284 log, 51 is same context
commit sha is 92c3cab223845ca83533bba7b6d73f6180223935, old loc is 1279, new loc is 781.
now analyze the No. 285 log, 51 is same context
commit sha is 92c3cab223845ca83533bba7b6d73f6180223935, old loc is 1281, new loc is 781.
now analyze the No. 286 log, 51 is same context
commit sha is 92c3cab223845ca83533bba7b6d73f6180223935, old loc is 1283, new loc is 781.
now analyze the No. 287 log, 51 is same context
commit sha is e0a84904eb38e145c3a4d4e4ef5d7aceb3c2d196, old loc is 1279, new loc is 784.
now analyze the No. 288 log, 51 is same context
commit sha is e0a84904eb38e145c3a4d4e4ef5d7aceb3c2d196, old loc is 1281, new loc is 784.
now analyze the No. 289 log, 51 is same context
commit sha is e0a84904eb38e145c3a4d4e4ef5d7aceb3c2d196, old loc is 1283, new loc is 784.
now analyze the No. 290 log, 51 is same context
commit sha is e0a84904eb38e145c3a4d4e4ef5d7aceb3c2d196, old loc is 1285, new loc is 784.
now analyze the No. 291 log, 51 is same context
commit sha is f506489d1ed222761f9ce752144a458290020e55, old loc is 1416, new loc is 1384.
now analyze the No. 292 log, 51 is same context
commit sha is f506489d1ed222761f9ce752144a458290020e55, old loc is 1484, new loc is 1384.
now analyze the No. 293 log, 51 is same context
commit sha is f506489d1ed222761f9ce752144a458290020e55, old loc is 1528, new loc is 1384.
now analyze the No. 294 log, 51 is same context
commit sha is f506489d1ed222761f9ce752144a458290020e55, old loc is 1536, new loc is 1390.
now analyze the No. 295 log, 51 is same context
commit sha is f506489d1ed222761f9ce752144a458290020e55, old loc is 1536, new loc is 1458.
now analyze the No. 296 log, 51 is same context
commit sha is f506489d1ed222761f9ce752144a458290020e55, old loc is 1536, new loc is 1502.
now analyze the No. 297 log, 51 is same context
commit sha is f506489d1ed222761f9ce752144a458290020e55, old loc is 1629, new loc is 1604.
now analyze the No. 298 log, 51 is same context
commit sha is f506489d1ed222761f9ce752144a458290020e55, old loc is 1631, new loc is 1605.
now analyze the No. 299 log, 51 is same context
commit sha is f506489d1ed222761f9ce752144a458290020e55, old loc is 1792, new loc is 1768.
now analyze the No. 300 log, 51 is same context
commit sha is f506489d1ed222761f9ce752144a458290020e55, old loc is 1793, new loc is 1770.
now analyze the No. 301 log, 51 is same context
commit sha is f506489d1ed222761f9ce752144a458290020e55, old loc is 1801, new loc is 1774.
now analyze the No. 302 log, 51 is same context
commit sha is f506489d1ed222761f9ce752144a458290020e55, old loc is 1802, new loc is 1779.
now analyze the No. 303 log, 51 is same context
commit sha is f506489d1ed222761f9ce752144a458290020e55, old loc is 1960, new loc is 1933.
now analyze the No. 304 log, 51 is same context
commit sha is f506489d1ed222761f9ce752144a458290020e55, old loc is 1980, new loc is 1933.
now analyze the No. 305 log, 51 is same context
commit sha is f506489d1ed222761f9ce752144a458290020e55, old loc is 1986, new loc is 1938.
now analyze the No. 306 log, 51 is same context
commit sha is f506489d1ed222761f9ce752144a458290020e55, old loc is 1986, new loc is 1958.
now analyze the No. 307 log, 51 is same context
commit sha is f506489d1ed222761f9ce752144a458290020e55, old loc is 2006, new loc is 1974.
now analyze the No. 308 log, 51 is same context
commit sha is f506489d1ed222761f9ce752144a458290020e55, old loc is 2021, new loc is 1984.
now analyze the No. 309 log, 51 is same context
commit sha is f506489d1ed222761f9ce752144a458290020e55, old loc is 2055, new loc is 2029.
now analyze the No. 310 log, 51 is same context
commit sha is f506489d1ed222761f9ce752144a458290020e55, old loc is 2056, new loc is 2033.
now analyze the No. 311 log, 51 is same context
commit sha is f506489d1ed222761f9ce752144a458290020e55, old loc is 2064, new loc is 2040.
now analyze the No. 312 log, 51 is same context
commit sha is f506489d1ed222761f9ce752144a458290020e55, old loc is 2065, new loc is 2042.
now analyze the No. 313 log, 51 is same context
commit sha is f506489d1ed222761f9ce752144a458290020e55, old loc is 2082, new loc is 2060.
now analyze the No. 314 log, 51 is same context
commit sha is f70c71c5a9759324d9e610bc919832b7500fd116, old loc is 1416, new loc is 1384.
now analyze the No. 315 log, 51 is same context
commit sha is f70c71c5a9759324d9e610bc919832b7500fd116, old loc is 1484, new loc is 1384.
now analyze the No. 316 log, 51 is same context
commit sha is f70c71c5a9759324d9e610bc919832b7500fd116, old loc is 1528, new loc is 1384.
now analyze the No. 317 log, 51 is same context
commit sha is f70c71c5a9759324d9e610bc919832b7500fd116, old loc is 1536, new loc is 1390.
now analyze the No. 318 log, 51 is same context
commit sha is f70c71c5a9759324d9e610bc919832b7500fd116, old loc is 1536, new loc is 1458.
now analyze the No. 319 log, 51 is same context
commit sha is f70c71c5a9759324d9e610bc919832b7500fd116, old loc is 1536, new loc is 1502.
now analyze the No. 320 log, 51 is same context
commit sha is f70c71c5a9759324d9e610bc919832b7500fd116, old loc is 1629, new loc is 1604.
now analyze the No. 321 log, 51 is same context
commit sha is f70c71c5a9759324d9e610bc919832b7500fd116, old loc is 1631, new loc is 1605.
now analyze the No. 322 log, 51 is same context
commit sha is f70c71c5a9759324d9e610bc919832b7500fd116, old loc is 1792, new loc is 1768.
now analyze the No. 323 log, 51 is same context
commit sha is f70c71c5a9759324d9e610bc919832b7500fd116, old loc is 1793, new loc is 1770.
now analyze the No. 324 log, 51 is same context
commit sha is f70c71c5a9759324d9e610bc919832b7500fd116, old loc is 1801, new loc is 1774.
now analyze the No. 325 log, 51 is same context
commit sha is f70c71c5a9759324d9e610bc919832b7500fd116, old loc is 1802, new loc is 1779.
now analyze the No. 326 log, 51 is same context
commit sha is f70c71c5a9759324d9e610bc919832b7500fd116, old loc is 1960, new loc is 1933.
now analyze the No. 327 log, 51 is same context
commit sha is f70c71c5a9759324d9e610bc919832b7500fd116, old loc is 1980, new loc is 1933.
now analyze the No. 328 log, 51 is same context
commit sha is f70c71c5a9759324d9e610bc919832b7500fd116, old loc is 1986, new loc is 1938.
now analyze the No. 329 log, 51 is same context
commit sha is f70c71c5a9759324d9e610bc919832b7500fd116, old loc is 1986, new loc is 1958.
now analyze the No. 330 log, 51 is same context
commit sha is f70c71c5a9759324d9e610bc919832b7500fd116, old loc is 2006, new loc is 1974.
now analyze the No. 331 log, 51 is same context
commit sha is f70c71c5a9759324d9e610bc919832b7500fd116, old loc is 2021, new loc is 1984.
now analyze the No. 332 log, 51 is same context
commit sha is f70c71c5a9759324d9e610bc919832b7500fd116, old loc is 2055, new loc is 2029.
now analyze the No. 333 log, 51 is same context
commit sha is f70c71c5a9759324d9e610bc919832b7500fd116, old loc is 2056, new loc is 2033.
now analyze the No. 334 log, 51 is same context
commit sha is f70c71c5a9759324d9e610bc919832b7500fd116, old loc is 2064, new loc is 2040.
now analyze the No. 335 log, 51 is same context
commit sha is f70c71c5a9759324d9e610bc919832b7500fd116, old loc is 2065, new loc is 2042.
now analyze the No. 336 log, 51 is same context
commit sha is f70c71c5a9759324d9e610bc919832b7500fd116, old loc is 2082, new loc is 2060.
now analyze the No. 337 log, 51 is same context
commit sha is a79abb82fe1c90b65f124a8dd31e4a0227583ce4, old loc is 2361, new loc is 2287.
now analyze the No. 338 log, 51 is same context
commit sha is 421012a330989a64b24a3289379bb4938e6ed3ea, old loc is 2361, new loc is 2287.
now analyze the No. 339 log, 51 is same context
commit sha is 85d966dcd7a29a17e42fde7b1c109e642f063d82, old loc is 135, new loc is 134.
now analyze the No. 340 log, 52 is same context
commit sha is 85d966dcd7a29a17e42fde7b1c109e642f063d82, old loc is 138, new loc is 143.
now analyze the No. 341 log, 52 is same context
commit sha is 85d966dcd7a29a17e42fde7b1c109e642f063d82, old loc is 1283, new loc is 1309.
now analyze the No. 342 log, 53 is same context
commit sha is 85d966dcd7a29a17e42fde7b1c109e642f063d82, old loc is 1288, new loc is 1309.
now analyze the No. 343 log, 54 is same context
commit sha is 85d966dcd7a29a17e42fde7b1c109e642f063d82, old loc is 1290, new loc is 1314.
now analyze the No. 344 log, 54 is same context
commit sha is 85d966dcd7a29a17e42fde7b1c109e642f063d82, old loc is 1291, new loc is 1319.
now analyze the No. 345 log, 54 is same context
commit sha is 85d966dcd7a29a17e42fde7b1c109e642f063d82, old loc is 100, new loc is 87.
now analyze the No. 346 log, 54 is same context
commit sha is 85d966dcd7a29a17e42fde7b1c109e642f063d82, old loc is 110, new loc is 94.
now analyze the No. 347 log, 54 is same context
commit sha is 85d966dcd7a29a17e42fde7b1c109e642f063d82, old loc is 113, new loc is 95.
now analyze the No. 348 log, 54 is same context
commit sha is 85d966dcd7a29a17e42fde7b1c109e642f063d82, old loc is 169, new loc is 72.
now analyze the No. 349 log, 54 is same context
commit sha is 85d966dcd7a29a17e42fde7b1c109e642f063d82, old loc is 278, new loc is 72.
now analyze the No. 350 log, 54 is same context
commit sha is 85d966dcd7a29a17e42fde7b1c109e642f063d82, old loc is 475, new loc is 72.
now analyze the No. 351 log, 54 is same context
commit sha is 85d966dcd7a29a17e42fde7b1c109e642f063d82, old loc is 637, new loc is 72.
now analyze the No. 352 log, 54 is same context
commit sha is 85d966dcd7a29a17e42fde7b1c109e642f063d82, old loc is 670, new loc is 72.
now analyze the No. 353 log, 54 is same context
commit sha is 85d966dcd7a29a17e42fde7b1c109e642f063d82, old loc is 693, new loc is 72.
now analyze the No. 354 log, 54 is same context
commit sha is 85d966dcd7a29a17e42fde7b1c109e642f063d82, old loc is 723, new loc is 72.
now analyze the No. 355 log, 54 is same context
commit sha is 85d966dcd7a29a17e42fde7b1c109e642f063d82, old loc is 726, new loc is 72.
now analyze the No. 356 log, 54 is same context
commit sha is 85d966dcd7a29a17e42fde7b1c109e642f063d82, old loc is 922, new loc is 72.
now analyze the No. 357 log, 54 is same context
commit sha is 85d966dcd7a29a17e42fde7b1c109e642f063d82, old loc is 957, new loc is 72.
now analyze the No. 358 log, 54 is same context
commit sha is 85d966dcd7a29a17e42fde7b1c109e642f063d82, old loc is 980, new loc is 72.
now analyze the No. 359 log, 54 is same context
commit sha is 85d966dcd7a29a17e42fde7b1c109e642f063d82, old loc is 1000, new loc is 72.
now analyze the No. 360 log, 54 is same context
commit sha is 85d966dcd7a29a17e42fde7b1c109e642f063d82, old loc is 1009, new loc is 72.
now analyze the No. 361 log, 54 is same context
commit sha is 85d966dcd7a29a17e42fde7b1c109e642f063d82, old loc is 1041, new loc is 72.
now analyze the No. 362 log, 54 is same context
commit sha is 85d966dcd7a29a17e42fde7b1c109e642f063d82, old loc is 1064, new loc is 72.
now analyze the No. 363 log, 54 is same context
commit sha is 85d966dcd7a29a17e42fde7b1c109e642f063d82, old loc is 1082, new loc is 72.
now analyze the No. 364 log, 54 is same context
commit sha is 85d966dcd7a29a17e42fde7b1c109e642f063d82, old loc is 1092, new loc is 72.
now analyze the No. 365 log, 54 is same context
commit sha is 85d966dcd7a29a17e42fde7b1c109e642f063d82, old loc is 1181, new loc is 72.
now analyze the No. 366 log, 54 is same context
commit sha is 85d966dcd7a29a17e42fde7b1c109e642f063d82, old loc is 491, new loc is 489.
now analyze the No. 367 log, 54 is same context
commit sha is 85d966dcd7a29a17e42fde7b1c109e642f063d82, old loc is 505, new loc is 495.
now analyze the No. 368 log, 54 is same context
commit sha is 85d966dcd7a29a17e42fde7b1c109e642f063d82, old loc is 1516, new loc is 1527.
now analyze the No. 369 log, 54 is same context
commit sha is 85d966dcd7a29a17e42fde7b1c109e642f063d82, old loc is 1522, new loc is 1527.
now analyze the No. 370 log, 54 is same context
commit sha is 85d966dcd7a29a17e42fde7b1c109e642f063d82, old loc is 76, new loc is 78.
now analyze the No. 371 log, 54 is same context
commit sha is 85d966dcd7a29a17e42fde7b1c109e642f063d82, old loc is 96, new loc is 94.
now analyze the No. 372 log, 54 is same context
commit sha is 85d966dcd7a29a17e42fde7b1c109e642f063d82, old loc is 143, new loc is 228.
now analyze the No. 373 log, 54 is same context
commit sha is 85d966dcd7a29a17e42fde7b1c109e642f063d82, old loc is 144, new loc is 228.
now analyze the No. 374 log, 54 is same context
commit sha is 85d966dcd7a29a17e42fde7b1c109e642f063d82, old loc is 1611, new loc is 1655.
now analyze the No. 375 log, 54 is same context
commit sha is 85d966dcd7a29a17e42fde7b1c109e642f063d82, old loc is 1081, new loc is 1088.
now analyze the No. 376 log, 55 is same context
commit sha is 85d966dcd7a29a17e42fde7b1c109e642f063d82, old loc is 1083, new loc is 1088.
now analyze the No. 377 log, 56 is same context
commit sha is 5bcbc3857fd9976389d8eee3bb54e352ea950aec, old loc is 135, new loc is 134.
now analyze the No. 378 log, 57 is same context
commit sha is 5bcbc3857fd9976389d8eee3bb54e352ea950aec, old loc is 138, new loc is 143.
now analyze the No. 379 log, 57 is same context
commit sha is 5bcbc3857fd9976389d8eee3bb54e352ea950aec, old loc is 1283, new loc is 1309.
now analyze the No. 380 log, 58 is same context
commit sha is 5bcbc3857fd9976389d8eee3bb54e352ea950aec, old loc is 1288, new loc is 1309.
now analyze the No. 381 log, 59 is same context
commit sha is 5bcbc3857fd9976389d8eee3bb54e352ea950aec, old loc is 1290, new loc is 1314.
now analyze the No. 382 log, 59 is same context
commit sha is 5bcbc3857fd9976389d8eee3bb54e352ea950aec, old loc is 1291, new loc is 1319.
now analyze the No. 383 log, 59 is same context
commit sha is 5bcbc3857fd9976389d8eee3bb54e352ea950aec, old loc is 100, new loc is 87.
now analyze the No. 384 log, 59 is same context
commit sha is 5bcbc3857fd9976389d8eee3bb54e352ea950aec, old loc is 110, new loc is 94.
now analyze the No. 385 log, 59 is same context
commit sha is 5bcbc3857fd9976389d8eee3bb54e352ea950aec, old loc is 113, new loc is 95.
now analyze the No. 386 log, 59 is same context
commit sha is 5bcbc3857fd9976389d8eee3bb54e352ea950aec, old loc is 169, new loc is 72.
now analyze the No. 387 log, 59 is same context
commit sha is 5bcbc3857fd9976389d8eee3bb54e352ea950aec, old loc is 278, new loc is 72.
now analyze the No. 388 log, 59 is same context
commit sha is 5bcbc3857fd9976389d8eee3bb54e352ea950aec, old loc is 475, new loc is 72.
now analyze the No. 389 log, 59 is same context
commit sha is 5bcbc3857fd9976389d8eee3bb54e352ea950aec, old loc is 637, new loc is 72.
now analyze the No. 390 log, 59 is same context
commit sha is 5bcbc3857fd9976389d8eee3bb54e352ea950aec, old loc is 670, new loc is 72.
now analyze the No. 391 log, 59 is same context
commit sha is 5bcbc3857fd9976389d8eee3bb54e352ea950aec, old loc is 693, new loc is 72.
now analyze the No. 392 log, 59 is same context
commit sha is 5bcbc3857fd9976389d8eee3bb54e352ea950aec, old loc is 723, new loc is 72.
now analyze the No. 393 log, 59 is same context
commit sha is 5bcbc3857fd9976389d8eee3bb54e352ea950aec, old loc is 726, new loc is 72.
now analyze the No. 394 log, 59 is same context
commit sha is 5bcbc3857fd9976389d8eee3bb54e352ea950aec, old loc is 922, new loc is 72.
now analyze the No. 395 log, 59 is same context
commit sha is 5bcbc3857fd9976389d8eee3bb54e352ea950aec, old loc is 957, new loc is 72.
now analyze the No. 396 log, 59 is same context
commit sha is 5bcbc3857fd9976389d8eee3bb54e352ea950aec, old loc is 980, new loc is 72.
now analyze the No. 397 log, 59 is same context
commit sha is 5bcbc3857fd9976389d8eee3bb54e352ea950aec, old loc is 1000, new loc is 72.
now analyze the No. 398 log, 59 is same context
commit sha is 5bcbc3857fd9976389d8eee3bb54e352ea950aec, old loc is 1009, new loc is 72.
now analyze the No. 399 log, 59 is same context
commit sha is 5bcbc3857fd9976389d8eee3bb54e352ea950aec, old loc is 1041, new loc is 72.
now analyze the No. 400 log, 59 is same context
commit sha is 5bcbc3857fd9976389d8eee3bb54e352ea950aec, old loc is 1064, new loc is 72.
now analyze the No. 401 log, 59 is same context
commit sha is 5bcbc3857fd9976389d8eee3bb54e352ea950aec, old loc is 1082, new loc is 72.
now analyze the No. 402 log, 59 is same context
commit sha is 5bcbc3857fd9976389d8eee3bb54e352ea950aec, old loc is 1092, new loc is 72.
now analyze the No. 403 log, 59 is same context
commit sha is 5bcbc3857fd9976389d8eee3bb54e352ea950aec, old loc is 1181, new loc is 72.
now analyze the No. 404 log, 59 is same context
commit sha is 5bcbc3857fd9976389d8eee3bb54e352ea950aec, old loc is 491, new loc is 489.
now analyze the No. 405 log, 59 is same context
commit sha is 5bcbc3857fd9976389d8eee3bb54e352ea950aec, old loc is 505, new loc is 495.
now analyze the No. 406 log, 59 is same context
commit sha is 5bcbc3857fd9976389d8eee3bb54e352ea950aec, old loc is 1516, new loc is 1527.
now analyze the No. 407 log, 59 is same context
commit sha is 5bcbc3857fd9976389d8eee3bb54e352ea950aec, old loc is 1522, new loc is 1527.
now analyze the No. 408 log, 59 is same context
commit sha is 5bcbc3857fd9976389d8eee3bb54e352ea950aec, old loc is 76, new loc is 78.
now analyze the No. 409 log, 59 is same context
commit sha is 5bcbc3857fd9976389d8eee3bb54e352ea950aec, old loc is 96, new loc is 94.
now analyze the No. 410 log, 59 is same context
commit sha is 5bcbc3857fd9976389d8eee3bb54e352ea950aec, old loc is 143, new loc is 228.
now analyze the No. 411 log, 59 is same context
commit sha is 5bcbc3857fd9976389d8eee3bb54e352ea950aec, old loc is 144, new loc is 228.
now analyze the No. 412 log, 59 is same context
commit sha is 5bcbc3857fd9976389d8eee3bb54e352ea950aec, old loc is 1611, new loc is 1655.
now analyze the No. 413 log, 59 is same context
commit sha is 5bcbc3857fd9976389d8eee3bb54e352ea950aec, old loc is 1081, new loc is 1088.
now analyze the No. 414 log, 60 is same context
commit sha is 5bcbc3857fd9976389d8eee3bb54e352ea950aec, old loc is 1083, new loc is 1088.
now analyze the No. 415 log, 61 is same context
commit sha is f53f4a8a2d215dac634effea575a27e000dfcb29, old loc is 135, new loc is 134.
now analyze the No. 416 log, 62 is same context
commit sha is f53f4a8a2d215dac634effea575a27e000dfcb29, old loc is 138, new loc is 143.
now analyze the No. 417 log, 62 is same context
commit sha is f53f4a8a2d215dac634effea575a27e000dfcb29, old loc is 1283, new loc is 1309.
now analyze the No. 418 log, 63 is same context
commit sha is f53f4a8a2d215dac634effea575a27e000dfcb29, old loc is 1288, new loc is 1309.
now analyze the No. 419 log, 64 is same context
commit sha is f53f4a8a2d215dac634effea575a27e000dfcb29, old loc is 1290, new loc is 1314.
now analyze the No. 420 log, 64 is same context
commit sha is f53f4a8a2d215dac634effea575a27e000dfcb29, old loc is 1291, new loc is 1319.
now analyze the No. 421 log, 64 is same context
commit sha is f53f4a8a2d215dac634effea575a27e000dfcb29, old loc is 100, new loc is 87.
now analyze the No. 422 log, 64 is same context
commit sha is f53f4a8a2d215dac634effea575a27e000dfcb29, old loc is 110, new loc is 94.
now analyze the No. 423 log, 64 is same context
commit sha is f53f4a8a2d215dac634effea575a27e000dfcb29, old loc is 113, new loc is 95.
now analyze the No. 424 log, 64 is same context
commit sha is f53f4a8a2d215dac634effea575a27e000dfcb29, old loc is 169, new loc is 72.
now analyze the No. 425 log, 64 is same context
commit sha is f53f4a8a2d215dac634effea575a27e000dfcb29, old loc is 278, new loc is 72.
now analyze the No. 426 log, 64 is same context
commit sha is f53f4a8a2d215dac634effea575a27e000dfcb29, old loc is 475, new loc is 72.
now analyze the No. 427 log, 64 is same context
commit sha is f53f4a8a2d215dac634effea575a27e000dfcb29, old loc is 637, new loc is 72.
now analyze the No. 428 log, 64 is same context
commit sha is f53f4a8a2d215dac634effea575a27e000dfcb29, old loc is 670, new loc is 72.
now analyze the No. 429 log, 64 is same context
commit sha is f53f4a8a2d215dac634effea575a27e000dfcb29, old loc is 693, new loc is 72.
now analyze the No. 430 log, 64 is same context
commit sha is f53f4a8a2d215dac634effea575a27e000dfcb29, old loc is 723, new loc is 72.
now analyze the No. 431 log, 64 is same context
commit sha is f53f4a8a2d215dac634effea575a27e000dfcb29, old loc is 726, new loc is 72.
now analyze the No. 432 log, 64 is same context
commit sha is f53f4a8a2d215dac634effea575a27e000dfcb29, old loc is 922, new loc is 72.
now analyze the No. 433 log, 64 is same context
commit sha is f53f4a8a2d215dac634effea575a27e000dfcb29, old loc is 957, new loc is 72.
now analyze the No. 434 log, 64 is same context
commit sha is f53f4a8a2d215dac634effea575a27e000dfcb29, old loc is 980, new loc is 72.
now analyze the No. 435 log, 64 is same context
commit sha is f53f4a8a2d215dac634effea575a27e000dfcb29, old loc is 1000, new loc is 72.
now analyze the No. 436 log, 64 is same context
commit sha is f53f4a8a2d215dac634effea575a27e000dfcb29, old loc is 1009, new loc is 72.
now analyze the No. 437 log, 64 is same context
commit sha is f53f4a8a2d215dac634effea575a27e000dfcb29, old loc is 1041, new loc is 72.
now analyze the No. 438 log, 64 is same context
commit sha is f53f4a8a2d215dac634effea575a27e000dfcb29, old loc is 1064, new loc is 72.
now analyze the No. 439 log, 64 is same context
commit sha is f53f4a8a2d215dac634effea575a27e000dfcb29, old loc is 1082, new loc is 72.
now analyze the No. 440 log, 64 is same context
commit sha is f53f4a8a2d215dac634effea575a27e000dfcb29, old loc is 1092, new loc is 72.
now analyze the No. 441 log, 64 is same context
commit sha is f53f4a8a2d215dac634effea575a27e000dfcb29, old loc is 1181, new loc is 72.
now analyze the No. 442 log, 64 is same context
commit sha is f53f4a8a2d215dac634effea575a27e000dfcb29, old loc is 491, new loc is 489.
now analyze the No. 443 log, 64 is same context
commit sha is f53f4a8a2d215dac634effea575a27e000dfcb29, old loc is 505, new loc is 495.
now analyze the No. 444 log, 64 is same context
commit sha is f53f4a8a2d215dac634effea575a27e000dfcb29, old loc is 1516, new loc is 1527.
now analyze the No. 445 log, 64 is same context
commit sha is f53f4a8a2d215dac634effea575a27e000dfcb29, old loc is 1522, new loc is 1527.
now analyze the No. 446 log, 64 is same context
commit sha is f53f4a8a2d215dac634effea575a27e000dfcb29, old loc is 76, new loc is 78.
now analyze the No. 447 log, 64 is same context
commit sha is f53f4a8a2d215dac634effea575a27e000dfcb29, old loc is 96, new loc is 94.
now analyze the No. 448 log, 64 is same context
commit sha is f53f4a8a2d215dac634effea575a27e000dfcb29, old loc is 143, new loc is 228.
now analyze the No. 449 log, 64 is same context
commit sha is f53f4a8a2d215dac634effea575a27e000dfcb29, old loc is 144, new loc is 228.
now analyze the No. 450 log, 64 is same context
commit sha is f53f4a8a2d215dac634effea575a27e000dfcb29, old loc is 1611, new loc is 1655.
now analyze the No. 451 log, 64 is same context
commit sha is f53f4a8a2d215dac634effea575a27e000dfcb29, old loc is 1081, new loc is 1088.
now analyze the No. 452 log, 65 is same context
commit sha is f53f4a8a2d215dac634effea575a27e000dfcb29, old loc is 1083, new loc is 1088.
now analyze the No. 453 log, 66 is same context
commit sha is f53f4a8a2d215dac634effea575a27e000dfcb29, old loc is 499, new loc is 497.
now analyze the No. 454 log, 66 is same context
commit sha is f53f4a8a2d215dac634effea575a27e000dfcb29, old loc is 510, new loc is 497.
now analyze the No. 455 log, 66 is same context
commit sha is f53f4a8a2d215dac634effea575a27e000dfcb29, old loc is 518, new loc is 497.
now analyze the No. 456 log, 66 is same context
commit sha is f53f4a8a2d215dac634effea575a27e000dfcb29, old loc is 524, new loc is 501.
now analyze the No. 457 log, 66 is same context
commit sha is f53f4a8a2d215dac634effea575a27e000dfcb29, old loc is 524, new loc is 512.
now analyze the No. 458 log, 66 is same context
commit sha is f53f4a8a2d215dac634effea575a27e000dfcb29, old loc is 524, new loc is 520.
now analyze the No. 459 log, 66 is same context
commit sha is 202adcfe056681109fe61569ecdb3bd69f0b4f97, old loc is 135, new loc is 134.
now analyze the No. 460 log, 67 is same context
commit sha is 202adcfe056681109fe61569ecdb3bd69f0b4f97, old loc is 138, new loc is 143.
now analyze the No. 461 log, 67 is same context
commit sha is 202adcfe056681109fe61569ecdb3bd69f0b4f97, old loc is 1283, new loc is 1309.
now analyze the No. 462 log, 68 is same context
commit sha is 202adcfe056681109fe61569ecdb3bd69f0b4f97, old loc is 1288, new loc is 1309.
now analyze the No. 463 log, 69 is same context
commit sha is 202adcfe056681109fe61569ecdb3bd69f0b4f97, old loc is 1290, new loc is 1314.
now analyze the No. 464 log, 69 is same context
commit sha is 202adcfe056681109fe61569ecdb3bd69f0b4f97, old loc is 1291, new loc is 1319.
now analyze the No. 465 log, 69 is same context
commit sha is 202adcfe056681109fe61569ecdb3bd69f0b4f97, old loc is 100, new loc is 87.
now analyze the No. 466 log, 69 is same context
commit sha is 202adcfe056681109fe61569ecdb3bd69f0b4f97, old loc is 110, new loc is 94.
now analyze the No. 467 log, 69 is same context
commit sha is 202adcfe056681109fe61569ecdb3bd69f0b4f97, old loc is 113, new loc is 95.
now analyze the No. 468 log, 69 is same context
commit sha is 202adcfe056681109fe61569ecdb3bd69f0b4f97, old loc is 169, new loc is 72.
now analyze the No. 469 log, 69 is same context
commit sha is 202adcfe056681109fe61569ecdb3bd69f0b4f97, old loc is 278, new loc is 72.
now analyze the No. 470 log, 69 is same context
commit sha is 202adcfe056681109fe61569ecdb3bd69f0b4f97, old loc is 475, new loc is 72.
now analyze the No. 471 log, 69 is same context
commit sha is 202adcfe056681109fe61569ecdb3bd69f0b4f97, old loc is 637, new loc is 72.
now analyze the No. 472 log, 69 is same context
commit sha is 202adcfe056681109fe61569ecdb3bd69f0b4f97, old loc is 670, new loc is 72.
now analyze the No. 473 log, 69 is same context
commit sha is 202adcfe056681109fe61569ecdb3bd69f0b4f97, old loc is 693, new loc is 72.
now analyze the No. 474 log, 69 is same context
commit sha is 202adcfe056681109fe61569ecdb3bd69f0b4f97, old loc is 723, new loc is 72.
now analyze the No. 475 log, 69 is same context
commit sha is 202adcfe056681109fe61569ecdb3bd69f0b4f97, old loc is 726, new loc is 72.
now analyze the No. 476 log, 69 is same context
commit sha is 202adcfe056681109fe61569ecdb3bd69f0b4f97, old loc is 922, new loc is 72.
now analyze the No. 477 log, 69 is same context
commit sha is 202adcfe056681109fe61569ecdb3bd69f0b4f97, old loc is 957, new loc is 72.
now analyze the No. 478 log, 69 is same context
commit sha is 202adcfe056681109fe61569ecdb3bd69f0b4f97, old loc is 980, new loc is 72.
now analyze the No. 479 log, 69 is same context
commit sha is 202adcfe056681109fe61569ecdb3bd69f0b4f97, old loc is 1000, new loc is 72.
now analyze the No. 480 log, 69 is same context
commit sha is 202adcfe056681109fe61569ecdb3bd69f0b4f97, old loc is 1009, new loc is 72.
now analyze the No. 481 log, 69 is same context
commit sha is 202adcfe056681109fe61569ecdb3bd69f0b4f97, old loc is 1041, new loc is 72.
now analyze the No. 482 log, 69 is same context
commit sha is 202adcfe056681109fe61569ecdb3bd69f0b4f97, old loc is 1064, new loc is 72.
now analyze the No. 483 log, 69 is same context
commit sha is 202adcfe056681109fe61569ecdb3bd69f0b4f97, old loc is 1082, new loc is 72.
now analyze the No. 484 log, 69 is same context
commit sha is 202adcfe056681109fe61569ecdb3bd69f0b4f97, old loc is 1092, new loc is 72.
now analyze the No. 485 log, 69 is same context
commit sha is 202adcfe056681109fe61569ecdb3bd69f0b4f97, old loc is 1181, new loc is 72.
now analyze the No. 486 log, 69 is same context
commit sha is 202adcfe056681109fe61569ecdb3bd69f0b4f97, old loc is 491, new loc is 489.
now analyze the No. 487 log, 69 is same context
commit sha is 202adcfe056681109fe61569ecdb3bd69f0b4f97, old loc is 505, new loc is 495.
now analyze the No. 488 log, 69 is same context
commit sha is 202adcfe056681109fe61569ecdb3bd69f0b4f97, old loc is 1516, new loc is 1527.
now analyze the No. 489 log, 69 is same context
commit sha is 202adcfe056681109fe61569ecdb3bd69f0b4f97, old loc is 1522, new loc is 1527.
now analyze the No. 490 log, 69 is same context
commit sha is 202adcfe056681109fe61569ecdb3bd69f0b4f97, old loc is 76, new loc is 78.
now analyze the No. 491 log, 69 is same context
commit sha is 202adcfe056681109fe61569ecdb3bd69f0b4f97, old loc is 96, new loc is 94.
now analyze the No. 492 log, 69 is same context
commit sha is 202adcfe056681109fe61569ecdb3bd69f0b4f97, old loc is 143, new loc is 228.
now analyze the No. 493 log, 69 is same context
commit sha is 202adcfe056681109fe61569ecdb3bd69f0b4f97, old loc is 144, new loc is 228.
now analyze the No. 494 log, 69 is same context
commit sha is 202adcfe056681109fe61569ecdb3bd69f0b4f97, old loc is 1611, new loc is 1655.
now analyze the No. 495 log, 69 is same context
commit sha is 202adcfe056681109fe61569ecdb3bd69f0b4f97, old loc is 1081, new loc is 1088.
now analyze the No. 496 log, 70 is same context
commit sha is 202adcfe056681109fe61569ecdb3bd69f0b4f97, old loc is 1083, new loc is 1088.
now analyze the No. 497 log, 71 is same context
commit sha is 202adcfe056681109fe61569ecdb3bd69f0b4f97, old loc is 499, new loc is 497.
now analyze the No. 498 log, 71 is same context
commit sha is 202adcfe056681109fe61569ecdb3bd69f0b4f97, old loc is 510, new loc is 497.
now analyze the No. 499 log, 71 is same context
commit sha is 202adcfe056681109fe61569ecdb3bd69f0b4f97, old loc is 518, new loc is 497.
now analyze the No. 500 log, 71 is same context
commit sha is 202adcfe056681109fe61569ecdb3bd69f0b4f97, old loc is 524, new loc is 501.
now analyze the No. 501 log, 71 is same context
commit sha is 202adcfe056681109fe61569ecdb3bd69f0b4f97, old loc is 524, new loc is 512.
now analyze the No. 502 log, 71 is same context
commit sha is 202adcfe056681109fe61569ecdb3bd69f0b4f97, old loc is 524, new loc is 520.
now analyze the No. 503 log, 71 is same context
commit sha is b1883bc8b7bd4211037bcc181edffdcce646f43a, old loc is 337, new loc is 368.
now analyze the No. 504 log, 71 is same context
commit sha is d582c23a47ceef09e80435d6b986e3938f7f1521, old loc is 337, new loc is 368.
now analyze the No. 505 log, 71 is same context
commit sha is db4ba61f3974258ad972a1594ee7b0d5b6f7a68c, old loc is 341, new loc is 336.
now analyze the No. 506 log, 71 is same context
commit sha is e34c5543faf33284ff9615d53fcfa5a163adf6c3, old loc is 341, new loc is 336.
now analyze the No. 507 log, 71 is same context
commit sha is 943fe6e3b40cde7eb927bb2e2acf049fe580c188, old loc is 341, new loc is 336.
now analyze the No. 508 log, 71 is same context
commit sha is 9cb685505ad86ecb560d1c71e7314f0ef98971f2, old loc is 404, new loc is 405.
now analyze the No. 509 log, 71 is same context
commit sha is 9cb685505ad86ecb560d1c71e7314f0ef98971f2, old loc is 2130, new loc is 2131.
now analyze the No. 510 log, 71 is same context
commit sha is 9cb685505ad86ecb560d1c71e7314f0ef98971f2, old loc is 2906, new loc is 2913.
now analyze the No. 511 log, 71 is same context
commit sha is d38fc22132db1b82fad1ef5b8a7f5e030c71a90f, old loc is 404, new loc is 405.
now analyze the No. 512 log, 71 is same context
commit sha is d38fc22132db1b82fad1ef5b8a7f5e030c71a90f, old loc is 2130, new loc is 2131.
now analyze the No. 513 log, 71 is same context
commit sha is d38fc22132db1b82fad1ef5b8a7f5e030c71a90f, old loc is 2906, new loc is 2913.
now analyze the No. 514 log, 71 is same context
commit sha is 52f58267c311550db83f4a9430f378e730bd3d6b, old loc is 404, new loc is 405.
now analyze the No. 515 log, 71 is same context
commit sha is 52f58267c311550db83f4a9430f378e730bd3d6b, old loc is 2130, new loc is 2131.
now analyze the No. 516 log, 71 is same context
commit sha is 52f58267c311550db83f4a9430f378e730bd3d6b, old loc is 2906, new loc is 2913.
now analyze the No. 517 log, 71 is same context
commit sha is 2b94d71d8850d68b677d5653c698371528344a10, old loc is 404, new loc is 405.
now analyze the No. 518 log, 71 is same context
commit sha is 2b94d71d8850d68b677d5653c698371528344a10, old loc is 2130, new loc is 2131.
now analyze the No. 519 log, 71 is same context
commit sha is 2b94d71d8850d68b677d5653c698371528344a10, old loc is 2906, new loc is 2913.
now analyze the No. 520 log, 71 is same context
commit sha is 36d9a01a31560ff3eb66e914c0a36a5d6a09844a, old loc is 447, new loc is 410.
now analyze the No. 521 log, 71 is same context
commit sha is 36d9a01a31560ff3eb66e914c0a36a5d6a09844a, old loc is 451, new loc is 410.
now analyze the No. 522 log, 71 is same context
commit sha is 36d9a01a31560ff3eb66e914c0a36a5d6a09844a, old loc is 455, new loc is 410.
now analyze the No. 523 log, 71 is same context
commit sha is 36d9a01a31560ff3eb66e914c0a36a5d6a09844a, old loc is 466, new loc is 463.
now analyze the No. 524 log, 71 is same context
commit sha is fb4791b37ccea1f38b8625b31df952408ab942f3, old loc is 447, new loc is 408.
now analyze the No. 525 log, 71 is same context
commit sha is fb4791b37ccea1f38b8625b31df952408ab942f3, old loc is 451, new loc is 408.
now analyze the No. 526 log, 71 is same context
commit sha is fb4791b37ccea1f38b8625b31df952408ab942f3, old loc is 455, new loc is 408.
now analyze the No. 527 log, 71 is same context
commit sha is fb4791b37ccea1f38b8625b31df952408ab942f3, old loc is 466, new loc is 454.
now analyze the No. 528 log, 71 is same context
commit sha is 1e876b46911928b614ba89e234375f7f8a45d0e2, old loc is 1358, new loc is 1362.
now analyze the No. 529 log, 71 is same context
commit sha is 1e876b46911928b614ba89e234375f7f8a45d0e2, old loc is 1426, new loc is 1362.
now analyze the No. 530 log, 71 is same context
commit sha is 1e876b46911928b614ba89e234375f7f8a45d0e2, old loc is 1470, new loc is 1362.
now analyze the No. 531 log, 71 is same context
commit sha is 1e876b46911928b614ba89e234375f7f8a45d0e2, old loc is 1472, new loc is 1368.
now analyze the No. 532 log, 71 is same context
commit sha is 1e876b46911928b614ba89e234375f7f8a45d0e2, old loc is 1472, new loc is 1436.
now analyze the No. 533 log, 71 is same context
commit sha is 1e876b46911928b614ba89e234375f7f8a45d0e2, old loc is 1472, new loc is 1480.
now analyze the No. 534 log, 71 is same context
commit sha is 1e876b46911928b614ba89e234375f7f8a45d0e2, old loc is 1539, new loc is 1582.
now analyze the No. 535 log, 71 is same context
commit sha is 1e876b46911928b614ba89e234375f7f8a45d0e2, old loc is 1699, new loc is 1754.
now analyze the No. 536 log, 71 is same context
commit sha is 1e876b46911928b614ba89e234375f7f8a45d0e2, old loc is 1700, new loc is 1756.
now analyze the No. 537 log, 71 is same context
commit sha is 1e876b46911928b614ba89e234375f7f8a45d0e2, old loc is 1708, new loc is 1760.
now analyze the No. 538 log, 71 is same context
commit sha is 1e876b46911928b614ba89e234375f7f8a45d0e2, old loc is 1709, new loc is 1765.
now analyze the No. 539 log, 71 is same context
commit sha is 1e876b46911928b614ba89e234375f7f8a45d0e2, old loc is 1867, new loc is 1919.
now analyze the No. 540 log, 71 is same context
commit sha is 1e876b46911928b614ba89e234375f7f8a45d0e2, old loc is 1875, new loc is 1924.
now analyze the No. 541 log, 71 is same context
commit sha is 1e876b46911928b614ba89e234375f7f8a45d0e2, old loc is 1887, new loc is 1933.
now analyze the No. 542 log, 71 is same context
commit sha is 1e876b46911928b614ba89e234375f7f8a45d0e2, old loc is 1893, new loc is 1944.
now analyze the No. 543 log, 71 is same context
commit sha is 1e876b46911928b614ba89e234375f7f8a45d0e2, old loc is 1913, new loc is 1968.
now analyze the No. 544 log, 71 is same context
commit sha is 1e876b46911928b614ba89e234375f7f8a45d0e2, old loc is 1914, new loc is 1970.
now analyze the No. 545 log, 71 is same context
commit sha is 1e876b46911928b614ba89e234375f7f8a45d0e2, old loc is 1962, new loc is 2015.
now analyze the No. 546 log, 71 is same context
commit sha is 1e876b46911928b614ba89e234375f7f8a45d0e2, old loc is 1963, new loc is 2019.
now analyze the No. 547 log, 71 is same context
commit sha is 1e876b46911928b614ba89e234375f7f8a45d0e2, old loc is 1971, new loc is 2026.
now analyze the No. 548 log, 71 is same context
commit sha is 1e876b46911928b614ba89e234375f7f8a45d0e2, old loc is 1972, new loc is 2028.
now analyze the No. 549 log, 71 is same context
commit sha is 1e876b46911928b614ba89e234375f7f8a45d0e2, old loc is 1988, new loc is 2044.
now analyze the No. 550 log, 71 is same context
commit sha is 1e876b46911928b614ba89e234375f7f8a45d0e2, old loc is 1990, new loc is 2046.
now analyze the No. 551 log, 71 is same context
commit sha is 1e876b46911928b614ba89e234375f7f8a45d0e2, old loc is 2103, new loc is 2161.
now analyze the No. 552 log, 72 is same context
commit sha is 1e876b46911928b614ba89e234375f7f8a45d0e2, old loc is 2104, new loc is 2161.
now analyze the No. 553 log, 72 is same context
commit sha is 1e876b46911928b614ba89e234375f7f8a45d0e2, old loc is 2118, new loc is 2176.
now analyze the No. 554 log, 73 is same context
commit sha is 1e876b46911928b614ba89e234375f7f8a45d0e2, old loc is 2119, new loc is 2176.
now analyze the No. 555 log, 73 is same context
commit sha is e4a92dab3fa81a893a52dd1a774db79c4363fda6, old loc is 1358, new loc is 1369.
now analyze the No. 556 log, 73 is same context
commit sha is e4a92dab3fa81a893a52dd1a774db79c4363fda6, old loc is 1426, new loc is 1369.
now analyze the No. 557 log, 73 is same context
commit sha is e4a92dab3fa81a893a52dd1a774db79c4363fda6, old loc is 1470, new loc is 1369.
now analyze the No. 558 log, 73 is same context
commit sha is e4a92dab3fa81a893a52dd1a774db79c4363fda6, old loc is 1472, new loc is 1375.
now analyze the No. 559 log, 73 is same context
commit sha is e4a92dab3fa81a893a52dd1a774db79c4363fda6, old loc is 1472, new loc is 1443.
now analyze the No. 560 log, 73 is same context
commit sha is e4a92dab3fa81a893a52dd1a774db79c4363fda6, old loc is 1472, new loc is 1487.
now analyze the No. 561 log, 73 is same context
commit sha is e4a92dab3fa81a893a52dd1a774db79c4363fda6, old loc is 1541, new loc is 1589.
now analyze the No. 562 log, 73 is same context
commit sha is e4a92dab3fa81a893a52dd1a774db79c4363fda6, old loc is 1699, new loc is 1761.
now analyze the No. 563 log, 73 is same context
commit sha is e4a92dab3fa81a893a52dd1a774db79c4363fda6, old loc is 1700, new loc is 1763.
now analyze the No. 564 log, 73 is same context
commit sha is e4a92dab3fa81a893a52dd1a774db79c4363fda6, old loc is 1708, new loc is 1767.
now analyze the No. 565 log, 73 is same context
commit sha is e4a92dab3fa81a893a52dd1a774db79c4363fda6, old loc is 1709, new loc is 1772.
now analyze the No. 566 log, 73 is same context
commit sha is e4a92dab3fa81a893a52dd1a774db79c4363fda6, old loc is 1867, new loc is 1926.
now analyze the No. 567 log, 73 is same context
commit sha is e4a92dab3fa81a893a52dd1a774db79c4363fda6, old loc is 1875, new loc is 1931.
now analyze the No. 568 log, 73 is same context
commit sha is e4a92dab3fa81a893a52dd1a774db79c4363fda6, old loc is 1887, new loc is 1940.
now analyze the No. 569 log, 73 is same context
commit sha is e4a92dab3fa81a893a52dd1a774db79c4363fda6, old loc is 1893, new loc is 1951.
now analyze the No. 570 log, 73 is same context
commit sha is e4a92dab3fa81a893a52dd1a774db79c4363fda6, old loc is 1913, new loc is 1975.
now analyze the No. 571 log, 73 is same context
commit sha is e4a92dab3fa81a893a52dd1a774db79c4363fda6, old loc is 1914, new loc is 1977.
now analyze the No. 572 log, 73 is same context
commit sha is e4a92dab3fa81a893a52dd1a774db79c4363fda6, old loc is 1962, new loc is 2022.
now analyze the No. 573 log, 73 is same context
commit sha is e4a92dab3fa81a893a52dd1a774db79c4363fda6, old loc is 1963, new loc is 2026.
now analyze the No. 574 log, 73 is same context
commit sha is e4a92dab3fa81a893a52dd1a774db79c4363fda6, old loc is 1971, new loc is 2033.
now analyze the No. 575 log, 73 is same context
commit sha is e4a92dab3fa81a893a52dd1a774db79c4363fda6, old loc is 1972, new loc is 2035.
now analyze the No. 576 log, 73 is same context
commit sha is e4a92dab3fa81a893a52dd1a774db79c4363fda6, old loc is 1988, new loc is 2051.
now analyze the No. 577 log, 73 is same context
commit sha is e4a92dab3fa81a893a52dd1a774db79c4363fda6, old loc is 1990, new loc is 2053.
now analyze the No. 578 log, 73 is same context
commit sha is e4a92dab3fa81a893a52dd1a774db79c4363fda6, old loc is 2103, new loc is 2168.
now analyze the No. 579 log, 74 is same context
commit sha is e4a92dab3fa81a893a52dd1a774db79c4363fda6, old loc is 2104, new loc is 2168.
now analyze the No. 580 log, 74 is same context
commit sha is e4a92dab3fa81a893a52dd1a774db79c4363fda6, old loc is 2118, new loc is 2183.
now analyze the No. 581 log, 75 is same context
commit sha is e4a92dab3fa81a893a52dd1a774db79c4363fda6, old loc is 2119, new loc is 2183.
now analyze the No. 582 log, 75 is same context
commit sha is 7d2a0aa76c25d92f1e2a03778f5666bdd7e56b92, old loc is 966, new loc is 882.
now analyze the No. 583 log, 76 is same context
commit sha is 7d2a0aa76c25d92f1e2a03778f5666bdd7e56b92, old loc is 969, new loc is 882.
now analyze the No. 584 log, 76 is same context
commit sha is 7d2a0aa76c25d92f1e2a03778f5666bdd7e56b92, old loc is 969, new loc is 887.
now analyze the No. 585 log, 76 is same context
commit sha is 7d2a0aa76c25d92f1e2a03778f5666bdd7e56b92, old loc is 972, new loc is 890.
now analyze the No. 586 log, 76 is same context
commit sha is d9fd2f5402eeaa345691313658e02b51038f570b, old loc is 966, new loc is 882.
now analyze the No. 587 log, 77 is same context
commit sha is d9fd2f5402eeaa345691313658e02b51038f570b, old loc is 969, new loc is 882.
now analyze the No. 588 log, 77 is same context
commit sha is d9fd2f5402eeaa345691313658e02b51038f570b, old loc is 969, new loc is 887.
now analyze the No. 589 log, 77 is same context
commit sha is d9fd2f5402eeaa345691313658e02b51038f570b, old loc is 972, new loc is 890.
now analyze the No. 590 log, 77 is same context
commit sha is 858aa5f9af8bdf096f6985eda468903ca266dc8f, old loc is 966, new loc is 960.
now analyze the No. 591 log, 77 is same context
commit sha is 858aa5f9af8bdf096f6985eda468903ca266dc8f, old loc is 969, new loc is 982.
now analyze the No. 592 log, 77 is same context
commit sha is 858aa5f9af8bdf096f6985eda468903ca266dc8f, old loc is 1943, new loc is 1942.
now analyze the No. 593 log, 78 is same context
commit sha is 858aa5f9af8bdf096f6985eda468903ca266dc8f, old loc is 1954, new loc is 1952.
now analyze the No. 594 log, 79 is same context
commit sha is 858aa5f9af8bdf096f6985eda468903ca266dc8f, old loc is 1967, new loc is 1966.
now analyze the No. 595 log, 80 is same context
commit sha is 858aa5f9af8bdf096f6985eda468903ca266dc8f, old loc is 1977, new loc is 1975.
now analyze the No. 596 log, 81 is same context
commit sha is 858aa5f9af8bdf096f6985eda468903ca266dc8f, old loc is 813, new loc is 830.
now analyze the No. 597 log, 81 is same context
commit sha is 858aa5f9af8bdf096f6985eda468903ca266dc8f, old loc is 848, new loc is 871.
now analyze the No. 598 log, 81 is same context
commit sha is 858aa5f9af8bdf096f6985eda468903ca266dc8f, old loc is 2729, new loc is 2782.
now analyze the No. 599 log, 81 is same context
commit sha is 858aa5f9af8bdf096f6985eda468903ca266dc8f, old loc is 2749, new loc is 2807.
now analyze the No. 600 log, 81 is same context
commit sha is 858aa5f9af8bdf096f6985eda468903ca266dc8f, old loc is 121, new loc is 164.
now analyze the No. 601 log, 81 is same context
commit sha is 858aa5f9af8bdf096f6985eda468903ca266dc8f, old loc is 167, new loc is 171.
now analyze the No. 602 log, 81 is same context
commit sha is e9bc469b2abcd0ad4cb3ad4bfefbc5ef1f559c1b, old loc is 966, new loc is 960.
now analyze the No. 603 log, 81 is same context
commit sha is e9bc469b2abcd0ad4cb3ad4bfefbc5ef1f559c1b, old loc is 969, new loc is 982.
now analyze the No. 604 log, 81 is same context
commit sha is e9bc469b2abcd0ad4cb3ad4bfefbc5ef1f559c1b, old loc is 1943, new loc is 1942.
now analyze the No. 605 log, 82 is same context
commit sha is e9bc469b2abcd0ad4cb3ad4bfefbc5ef1f559c1b, old loc is 1954, new loc is 1952.
now analyze the No. 606 log, 83 is same context
commit sha is e9bc469b2abcd0ad4cb3ad4bfefbc5ef1f559c1b, old loc is 1967, new loc is 1966.
now analyze the No. 607 log, 84 is same context
commit sha is e9bc469b2abcd0ad4cb3ad4bfefbc5ef1f559c1b, old loc is 1977, new loc is 1975.
now analyze the No. 608 log, 85 is same context
commit sha is e9bc469b2abcd0ad4cb3ad4bfefbc5ef1f559c1b, old loc is 813, new loc is 830.
now analyze the No. 609 log, 85 is same context
commit sha is e9bc469b2abcd0ad4cb3ad4bfefbc5ef1f559c1b, old loc is 848, new loc is 871.
now analyze the No. 610 log, 85 is same context
commit sha is e9bc469b2abcd0ad4cb3ad4bfefbc5ef1f559c1b, old loc is 2729, new loc is 2782.
now analyze the No. 611 log, 85 is same context
commit sha is e9bc469b2abcd0ad4cb3ad4bfefbc5ef1f559c1b, old loc is 2749, new loc is 2807.
now analyze the No. 612 log, 85 is same context
commit sha is e9bc469b2abcd0ad4cb3ad4bfefbc5ef1f559c1b, old loc is 121, new loc is 164.
now analyze the No. 613 log, 85 is same context
commit sha is e9bc469b2abcd0ad4cb3ad4bfefbc5ef1f559c1b, old loc is 167, new loc is 171.
now analyze the No. 614 log, 85 is same context
commit sha is 501345e470bb9c5b0cb61aff84bd50ffdd95b92d, old loc is 966, new loc is 960.
now analyze the No. 615 log, 85 is same context
commit sha is 501345e470bb9c5b0cb61aff84bd50ffdd95b92d, old loc is 969, new loc is 982.
now analyze the No. 616 log, 85 is same context
commit sha is 501345e470bb9c5b0cb61aff84bd50ffdd95b92d, old loc is 1943, new loc is 1942.
now analyze the No. 617 log, 86 is same context
commit sha is 501345e470bb9c5b0cb61aff84bd50ffdd95b92d, old loc is 1954, new loc is 1952.
now analyze the No. 618 log, 87 is same context
commit sha is 501345e470bb9c5b0cb61aff84bd50ffdd95b92d, old loc is 1967, new loc is 1966.
now analyze the No. 619 log, 88 is same context
commit sha is 501345e470bb9c5b0cb61aff84bd50ffdd95b92d, old loc is 1977, new loc is 1975.
now analyze the No. 620 log, 89 is same context
commit sha is 501345e470bb9c5b0cb61aff84bd50ffdd95b92d, old loc is 813, new loc is 830.
now analyze the No. 621 log, 89 is same context
commit sha is 501345e470bb9c5b0cb61aff84bd50ffdd95b92d, old loc is 848, new loc is 871.
now analyze the No. 622 log, 89 is same context
commit sha is 501345e470bb9c5b0cb61aff84bd50ffdd95b92d, old loc is 2729, new loc is 2782.
now analyze the No. 623 log, 89 is same context
commit sha is 501345e470bb9c5b0cb61aff84bd50ffdd95b92d, old loc is 2749, new loc is 2807.
now analyze the No. 624 log, 89 is same context
commit sha is 501345e470bb9c5b0cb61aff84bd50ffdd95b92d, old loc is 121, new loc is 164.
now analyze the No. 625 log, 89 is same context
commit sha is 501345e470bb9c5b0cb61aff84bd50ffdd95b92d, old loc is 167, new loc is 171.
now analyze the No. 626 log, 89 is same context
commit sha is eae4cee0b54502c87fdb219b200a048082e0cb79, old loc is 353, new loc is 361.
now analyze the No. 627 log, 89 is same context
commit sha is bd581a373373ee9807fcab35dd3e83334b73174b, old loc is 356, new loc is 361.
now analyze the No. 628 log, 89 is same context
commit sha is 79d4b5bec911f057c87dd6c558cbe112afbc3a7e, old loc is 490, new loc is 518.
now analyze the No. 629 log, 90 is same context
commit sha is 79d4b5bec911f057c87dd6c558cbe112afbc3a7e, old loc is 493, new loc is 518.
now analyze the No. 630 log, 91 is same context
commit sha is 79d4b5bec911f057c87dd6c558cbe112afbc3a7e, old loc is 494, new loc is 521.
now analyze the No. 631 log, 91 is same context
commit sha is 79d4b5bec911f057c87dd6c558cbe112afbc3a7e, old loc is 494, new loc is 524.
now analyze the No. 632 log, 91 is same context
commit sha is 79d4b5bec911f057c87dd6c558cbe112afbc3a7e, old loc is 494, new loc is 529.
now analyze the No. 633 log, 91 is same context
commit sha is 79d4b5bec911f057c87dd6c558cbe112afbc3a7e, old loc is 494, new loc is 532.
now analyze the No. 634 log, 91 is same context
commit sha is 7f1bd9fe6910f7633d98dec018cc01331a46b87e, old loc is 490, new loc is 518.
now analyze the No. 635 log, 91 is same context
commit sha is 7f1bd9fe6910f7633d98dec018cc01331a46b87e, old loc is 493, new loc is 518.
now analyze the No. 636 log, 91 is same context
commit sha is 7f1bd9fe6910f7633d98dec018cc01331a46b87e, old loc is 494, new loc is 521.
now analyze the No. 637 log, 91 is same context
commit sha is 7f1bd9fe6910f7633d98dec018cc01331a46b87e, old loc is 494, new loc is 524.
now analyze the No. 638 log, 91 is same context
commit sha is 7f1bd9fe6910f7633d98dec018cc01331a46b87e, old loc is 494, new loc is 529.
now analyze the No. 639 log, 91 is same context
commit sha is 7f1bd9fe6910f7633d98dec018cc01331a46b87e, old loc is 494, new loc is 532.
now analyze the No. 640 log, 91 is same context
